headbreadth,headcircumference,headlength,tragiontopofhead,neckcircumference,neckcircumferencebase
193,150,583,491,118,400
195,146,568,476,131,380
203,148,573,477,123,403
194,158,576,445,106,407
218,153,566,584,135,398
190,155,576,473,111,395
220,158,612,503,123,461
198,156,551,509,109,412
197,160,578,482,121,435
200,146,549,504,111,372
200,155,578,487,137,445
194,148,548,488,118,374
210,154,580,508,120,436
194,165,606,519,118,468
184,160,565,457,112,399
203,152,567,501,127,435
188,160,575,467,116,402
203,153,554,481,114,411
179,150,567,485,121,385
198,150,582,475,112,392
195,150,588,481,121,377
185,149,568,446,114,367
180,150,573,461,122,388
227,153,575,555,128,378
194,159,600,473,120,407
181,155,552,454,120,363
199,154,590,488,118,414
192,155,575,495,122,365
193,150,571,484,132,375
196,148,568,499,130,384
192,149,583,509,122,374
201,153,595,503,123,395
187,153,554,454,106,358
195,152,570,519,133,392
193,149,560,486,123,383
194,149,578,508,131,397
183,150,562,459,111,357
197,144,577,516,135,414
210,145,583,484,122,385
196,160,605,476,127,414
184,155,577,463,118,353
189,152,563,475,126,440
206,156,594,501,120,384
190,160,590,475,120,394
198,146,568,487,120,402
190,162,573,440,127,362
200,144,550,473,105,381
183,153,583,471,113,415
212,155,590,524,126,421
184,149,558,456,115,392
206,150,563,488,132,400
203,152,582,520,106,397
187,144,530,439,107,398
185,152,574,476,120,444
190,157,578,466,133,394
213,160,595,526,126,501
196,151,568,501,120,368
187,152,582,458,118,383
189,168,574,465,120,461
205,158,580,505,121,398
178,155,557,446,108,334
184,154,564,478,111,382
193,148,566,509,117,364
191,154,547,472,132,408
197,155,566,479,126,435
178,157,567,454,123,373
180,158,569,451,126,413
199,161,600,511,127,436
190,148,552,485,128,351
184,155,575,443,118,410
196,155,570,488,126,373
203,154,574,489,133,346
180,154,580,437,124,399
181,152,592,449,115,378
195,161,583,514,128,385
181,148,569,463,109,430
190,158,557,446,116,419
210,153,585,500,125,407
200,147,563,486,121,391
208,168,628,516,136,411
188,148,587,490,114,385
191,154,583,484,133,378
201,144,567,500,127,390
190,159,600,484,115,375
191,154,584,473,119,400
165,150,541,400,104,372
192,153,570,471,124,391
194,157,566,480,113,390
194,149,555,502,115,348
204,159,570,451,119,380
197,155,574,468,121,418
187,157,568,461,126,406
192,153,580,479,115,366
203,143,552,506,122,358
202,151,573,492,116,361
195,143,564,501,130,379
175,153,560,453,117,363
184,151,530,473,105,376
186,158,592,469,123,374
195,152,585,470,133,398
204,147,553,501,111,387
182,165,563,480,130,365
191,152,593,496,123,378
183,158,575,465,132,390
201,146,565,501,131,350
197,158,582,530,139,391
192,151,577,466,120,407
196,153,585,468,129,410
204,151,580,505,127,411
194,154,601,456,116,398
192,153,571,503,127,408
199,163,565,484,115,395
177,157,562,433,118,408
209,158,594,508,125,445
191,149,574,500,113,398
197,155,600,509,126,448
182,154,567,440,111,378
190,147,566,479,129,401
208,160,594,526,129,464
180,158,563,436,122,395
174,162,571,440,116,355
192,153,577,482,112,390
185,154,575,460,112,384
207,155,600,512,131,436
205,160,585,501,121,380
200,147,548,515,121,362
196,147,557,509,127,393
203,164,625,505,133,437
197,158,556,493,112,382
191,163,578,471,126,423
185,153,565,465,125,377
196,156,581,505,116,374
208,153,591,509,128,395
196,151,563,480,132,410
206,153,596,509,133,442
188,156,553,438,112,398
204,148,560,506,127,399
183,145,561,497,120,381
222,150,570,494,114,427
188,153,595,451,133,387
197,161,582,482,124,406
189,154,560,500,117,390
205,161,595,524,127,411
180,154,580,458,108,401
190,158,582,479,126,404
195,164,603,513,132,412
190,163,555,440,128,412
190,154,565,487,116,390
211,151,580,542,127,398
204,150,584,548,128,386
192,148,576,496,120,415
195,152,584,481,129,447
188,160,577,491,112,387
183,147,560,460,126,400
210,161,606,536,126,442
199,153,557,498,122,402
201,164,602,498,133,441
177,158,570,497,123,403
188,152,570,437,117,375
185,153,578,484,118,374
218,160,589,541,137,416
183,154,565,476,111,416
200,155,588,510,125,414
196,164,585,490,127,425
187,157,581,465,126,414
183,156,580,468,122,424
184,157,570,489,123,419
179,157,558,442,110,355
207,155,575,496,123,424
185,154,582,470,118,406
222,158,608,542,137,415
185,150,575,462,127,406
194,150,585,483,130,420
177,149,565,477,118,371
195,155,593,459,118,370
196,151,573,509,121,400
185,150,588,459,127,405
198,150,580,506,118,395
197,139,570,490,117,397
196,148,560,464,113,395
187,153,572,489,134,360
182,153,577,434,117,395
193,151,556,477,119,368
207,153,577,518,128,373
185,151,580,469,121,370
196,145,575,469,124,402
204,152,577,535,122,414
198,150,565,542,132,384
203,156,588,525,137,396
186,150,567,470,123,372
185,152,571,429,122,404
204,145,550,503,117,383
195,156,577,478,138,431
206,163,595,480,120,407
183,157,555,456,116,361
189,151,595,482,120,369
194,161,570,477,125,370
189,144,565,495,122,388
188,165,592,477,126,408
201,156,575,496,129,419
200,150,585,527,127,412
195,142,553,470,120,381
190,153,565,500,121,384
193,152,577,489,117,390
175,163,562,442,122,391
183,160,583,453,116,463
195,150,578,506,121,387
195,148,560,513,123,433
193,156,582,466,126,418
184,155,590,464,119,398
208,156,566,476,115,402
187,154,557,459,116,392
190,151,553,471,125,372
197,144,562,481,120,390
200,177,613,488,128,430
172,136,518,429,114,327
196,163,621,496,123,444
188,145,546,478,131,385
203,160,603,532,122,446
165,148,535,445,111,360
183,148,556,442,116,385
190,161,583,484,133,399
205,144,566,536,127,426
200,144,564,500,119,384
217,160,591,516,127,455
182,154,583,449,125,419
181,155,583,465,110,408
185,145,543,486,112,377
195,158,577,498,124,385
201,149,565,474,112,379
179,157,566,447,108,420
187,156,576,466,124,425
193,151,564,442,127,394
201,158,590,501,139,454
187,154,588,498,125,422
186,138,530,432,111,392
199,159,584,518,120,420
194,156,566,505,127,394
178,153,578,455,116,370
195,155,555,503,118,372
204,151,550,511,123,364
187,157,607,488,124,430
200,160,571,454,114,400
187,160,590,472,129,401
204,151,552,492,113,406
197,157,603,516,127,415
183,153,574,435,115,379
193,153,560,448,121,422
204,162,600,436,127,406
176,162,543,431,116,329
197,160,602,489,125,428
194,160,562,503,114,411
200,155,583,491,127,420
184,153,568,480,110,383
180,151,516,459,114,365
184,149,530,448,116,351
183,158,577,431,112,422
202,150,567,478,117,425
200,177,597,480,123,491
190,157,582,467,128,366
201,154,588,471,123,369
199,161,618,496,118,385
205,160,575,501,124,385
188,152,564,470,126,395
192,158,592,499,124,443
194,152,594,503,124,417
184,144,570,458,120,369
210,147,555,500,117,379
204,163,584,519,120,428
189,163,593,491,117,416
220,158,577,540,140,421
190,153,583,468,127,396
194,150,563,463,128,360
195,147,544,451,126,391
187,150,578,480,121,414
190,149,560,472,119,395
195,150,577,498,125,416
200,152,543,467,121,398
180,161,563,459,112,416
225,142,576,534,134,405
199,159,555,487,117,382
187,156,594,493,136,420
198,153,584,512,120,399
181,150,573,451,104,382
196,166,604,466,131,455
193,154,570,494,121,366
190,154,566,430,125,387
195,153,573,455,119,408
180,157,566,438,126,425
209,155,575,512,127,369
186,164,596,446,136,407
185,159,584,478,123,377
184,147,575,472,115,395
204,150,564,507,119,408
200,155,583,484,123,425
193,151,600,474,122,385
190,167,595,449,127,442
186,152,550,455,117,398
197,153,558,484,119,385
201,156,575,482,118,411
187,152,562,436,114,340
178,156,590,446,126,389
200,163,581,522,117,440
193,153,572,498,118,444
195,158,573,484,136,406
200,157,602,484,125,425
221,156,580,561,133,399
207,157,608,507,127,419
194,150,545,499,111,367
197,148,572,472,126,417
210,156,568,510,125,404
190,171,590,473,133,395
175,148,563,441,111,366
183,150,553,469,119,386
177,158,552,434,110,387
206,160,590,506,125,386
197,153,575,489,126,436
204,160,560,500,118,392
197,154,567,491,111,377
197,150,583,471,118,355
178,154,550,486,113,361
199,148,580,506,124,380
174,154,555,464,120,411
208,150,573,525,130,380
200,150,572,522,114,387
184,150,562,455,119,375
194,156,580,470,128,371
197,161,615,483,133,414
197,151,570,514,133,381
197,158,602,546,134,373
189,153,586,477,123,370
212,160,605,538,146,441
184,153,555,448,117,380
187,150,563,491,114,405
203,159,583,519,129,419
197,151,558,470,131,385
174,141,556,465,122,373
186,157,577,451,130,405
198,155,571,506,127,401
194,148,536,506,123,351
199,155,566,514,125,396
188,161,580,484,120,367
204,152,555,498,114,383
181,146,550,469,116,395
190,163,588,483,121,396
194,150,547,459,120,368
195,161,598,489,127,376
214,162,587,521,113,407
196,154,548,504,118,400
183,149,550,434,112,405
191,147,553,513,121,369
202,153,568,496,133,363
190,156,599,504,123,453
195,157,587,517,121,392
188,164,595,450,117,441
195,146,566,472,121,388
191,156,578,475,128,402
197,153,578,467,131,373
196,145,560,471,114,417
187,150,563,465,126,376
197,154,563,457,123,372
205,148,567,471,133,417
176,150,547,432,117,366
177,160,563,439,123,377
196,165,578,482,118,418
181,160,573,438,113,399
184,147,584,462,122,402
192,155,588,460,125,409
181,150,560,442,126,394
204,165,589,522,129,431
205,154,602,538,125,414
198,166,590,459,118,436
182,158,570,482,129,372
207,160,603,528,115,471
200,150,568,503,128,414
210,145,550,527,125,341
184,159,595,468,123,382
191,156,586,449,131,407
190,155,575,477,120,363
193,150,580,506,118,413
203,162,578,462,119,406
221,155,600,500,128,420
197,160,599,442,127,406
187,156,588,440,117,399
199,156,590,470,112,381
191,157,572,477,133,455
199,153,579,493,118,425
184,162,570,431,111,369
187,161,608,447,136,395
191,158,577,448,116,440
187,154,554,436,124,387
176,151,578,443,121,398
186,152,573,446,124,412
194,154,582,451,125,392
194,157,585,453,113,448
214,156,570,521,122,385
194,153,575,471,120,365
186,152,590,435,121,394
188,155,568,487,117,422
194,149,570,488,118,373
191,155,570,472,124,382
194,150,553,457,114,372
177,149,553,439,117,384
196,147,565,468,121,392
174,154,592,422,123,412
176,152,561,423,122,371
201,147,570,444,129,433
205,157,580,501,125,440
185,155,579,443,120,378
203,155,580,500,136,382
199,163,592,463,122,411
200,147,588,510,118,410
194,162,574,468,120,404
211,161,596,490,124,419
202,159,594,480,136,395
180,153,558,422,123,367
185,148,578,472,119,377
190,150,576,519,123,396
186,157,588,442,137,393
185,153,556,446,122,386
191,150,555,451,130,417
191,157,573,443,117,412
186,161,577,461,118,419
181,158,561,427,127,399
203,154,593,520,130,440
184,154,570,461,128,412
205,150,558,482,119,354
186,157,576,459,121,390
189,150,563,461,119,376
194,158,545,434,117,379
170,159,590,427,124,415
204,153,566,481,119,387
198,149,558,478,124,368
186,154,565,474,115,398
189,152,558,463,123,354
186,152,574,485,113,375
197,144,545,490,124,375
206,161,590,511,133,391
204,144,556,483,127,367
203,155,576,450,125,442
196,149,564,443,124,374
193,161,622,493,127,419
190,148,567,456,130,367
188,151,553,467,113,368
189,160,567,458,123,378
197,152,584,479,120,399
212,152,574,523,125,382
197,141,564,481,126,362
210,163,585,542,115,402
197,150,560,474,132,367
204,163,575,483,126,388
200,145,577,447,127,372
197,148,577,473,116,372
198,155,594,490,117,402
203,150,546,456,108,355
203,158,598,506,117,405
188,147,540,432,109,387
205,149,584,531,130,414
172,154,568,421,120,372
196,161,592,445,126,413
193,162,589,481,134,425
178,145,545,450,122,387
188,141,548,452,113,359
209,163,581,479,127,388
192,162,591,460,123,384
204,150,570,496,125,373
197,163,574,463,113,391
204,159,583,473,128,419
197,147,565,499,109,402
188,157,578,447,127,402
198,157,596,491,127,404
194,157,573,474,120,400
190,160,585,477,117,456
192,165,601,472,125,402
193,151,575,478,126,375
192,155,575,457,119,381
190,147,556,457,120,381
190,140,556,466,127,347
188,147,583,484,112,392
194,149,577,442,120,399
190,156,595,459,117,411
171,150,553,423,117,370
185,152,568,425,125,403
210,151,603,518,121,373
186,160,582,442,116,414
168,144,544,425,113,396
200,156,589,505,126,395
186,156,568,481,116,402
205,160,597,520,122,383
190,154,578,485,124,426
173,151,581,442,125,362
187,155,575,463,127,409
180,168,577,446,119,425
195,157,568,447,129,397
198,156,562,500,129,390
197,153,558,497,113,330
189,151,543,440,130,360
179,154,579,463,113,389
187,153,555,443,125,389
175,161,573,448,115,405
199,170,628,496,136,472
187,161,562,467,122,412
185,148,557,459,120,392
207,155,600,495,122,384
191,156,547,457,127,404
187,155,587,435,124,413
191,159,587,453,139,367
200,145,556,494,125,352
192,153,587,444,128,393
191,166,563,473,115,400
190,147,547,468,127,330
192,154,578,481,118,380
194,153,566,469,123,404
178,161,582,456,110,396
191,150,559,464,120,406
187,166,566,463,117,402
180,151,551,439,111,398
192,157,597,497,112,418
192,157,580,473,117,405
194,155,585,496,118,400
190,151,557,474,119,370
171,156,588,413,123,404
197,154,578,478,128,400
196,161,573,457,129,476
197,155,587,478,117,399
185,153,588,453,123,405
209,158,595,486,126,424
197,150,574,470,126,409
189,157,572,457,119,376
193,164,585,489,119,415
185,150,555,455,114,401
189,154,580,492,124,423
181,151,575,428,130,399
194,149,559,459,126,374
192,153,580,451,110,402
202,152,576,485,124,376
188,164,603,475,128,420
187,150,574,464,127,392
194,158,594,457,125,435
203,160,589,484,126,389
197,149,567,493,122,383
186,164,611,454,111,415
190,160,585,444,124,419
177,153,573,455,110,386
203,151,582,492,124,409
204,156,586,534,133,385
189,161,588,453,116,391
176,145,569,413,115,400
191,155,574,478,120,362
186,153,566,456,118,395
198,166,573,490,121,395
198,154,584,493,135,397
189,160,570,459,127,390
177,151,546,444,112,349
209,162,576,524,124,414
193,150,565,454,120,386
208,168,604,530,128,375
198,162,575,464,126,383
194,149,554,462,127,381
197,156,572,475,123,397
191,156,579,451,122,412
183,155,583,454,126,422
188,151,544,466,113,412
194,161,554,470,122,374
192,146,564,471,117,376
189,154,578,468,118,383
179,159,570,436,124,453
195,161,582,471,112,400
186,155,584,420,132,414
191,150,583,467,128,409
211,153,569,476,121,425
188,149,575,445,122,373
185,157,574,435,127,378
200,156,575,476,126,389
192,165,611,493,129,406
184,150,559,470,123,399
188,154,562,498,121,390
203,161,599,486,134,426
187,162,598,445,122,441
182,154,562,464,121,406
176,149,546,471,107,395
190,154,563,465,119,396
202,154,575,503,119,416
210,159,577,494,118,428
202,157,584,469,132,392
199,150,563,456,136,389
180,154,563,465,129,385
197,146,560,485,134,365
190,154,579,465,123,412
196,160,587,495,129,404
206,154,590,481,131,440
187,152,584,466,119,392
206,152,580,503,136,406
196,156,582,455,119,377
198,150,567,509,116,419
190,156,577,470,129,387
216,158,599,506,132,417
192,154,560,466,113,379
195,162,565,468,124,404
201,157,584,470,124,400
199,153,582,468,116,443
209,154,583,482,126,365
190,160,604,486,128,466
193,156,553,455,120,374
207,147,551,486,115,382
194,155,565,452,120,378
188,153,580,444,117,398
203,153,596,481,125,448
207,153,534,492,107,360
200,144,557,489,137,391
200,152,587,510,136,412
179,156,573,425,113,400
186,153,564,406,127,425
189,148,586,454,115,364
188,151,569,468,127,405
198,152,564,459,125,424
187,154,559,447,127,375
185,152,554,455,124,435
198,146,574,463,130,405
181,160,571,434,119,384
205,159,587,454,135,387
193,152,566,476,117,395
196,151,554,490,118,360
186,157,578,455,116,400
186,164,584,461,124,412
187,149,568,441,120,430
199,158,588,468,122,404
194,156,561,466,130,386
181,156,575,432,121,387
211,161,592,478,115,422
204,153,602,480,119,427
196,155,574,459,120,449
196,162,603,460,120,401
190,149,555,490,119,383
204,156,584,515,124,406
191,149,557,454,116,394
215,158,593,523,119,426
190,160,593,438,117,431
197,156,590,484,117,395
178,155,564,440,122,407
194,146,562,465,121,362
188,151,562,458,121,409
186,151,577,432,123,441
187,168,597,474,124,408
199,154,583,480,123,393
194,152,585,487,122,373
188,148,566,423,123,380
213,172,604,518,127,453
203,156,603,483,122,395
174,167,584,445,112,415
192,155,582,452,117,436
185,144,573,468,122,407
193,156,602,445,122,439
182,156,573,451,119,409
175,162,578,435,127,406
190,151,566,461,109,385
194,156,582,484,115,415
190,167,610,474,124,440
177,147,557,427,114,395
186,166,590,456,115,447
194,156,577,460,128,379
202,149,552,476,107,391
188,155,567,480,122,367
204,162,595,481,127,467
180,161,586,453,119,396
193,146,557,479,112,379
195,157,548,457,123,394
180,162,575,436,121,408
191,154,582,438,135,394
202,153,572,510,119,393
193,157,564,488,119,410
205,147,563,529,134,387
199,154,560,460,118,417
190,154,562,482,121,381
197,157,575,521,119,382
213,155,575,526,133,401
197,156,572,477,135,389
194,145,554,506,119,370
187,146,551,453,125,372
184,150,540,468,123,365
215,155,581,481,130,409
188,146,581,428,127,400
197,168,590,460,124,442
180,152,573,480,121,415
172,145,562,425,112,387
181,150,531,454,108,373
197,135,543,476,127,427
214,145,577,492,132,379
177,158,592,447,135,414
193,161,584,445,120,403
202,162,575,467,111,418
180,150,567,429,126,378
186,157,570,438,134,392
191,153,576,453,127,422
200,153,581,508,124,360
204,157,578,479,124,376
185,154,550,454,111,446
204,156,574,479,131,390
214,148,578,531,139,397
194,146,559,502,129,360
200,150,570,486,131,371
194,150,566,466,118,409
211,156,587,502,135,420
185,154,570,447,126,371
191,159,580,431,129,460
177,150,568,429,121,417
206,153,588,509,123,410
184,154,553,467,125,385
198,153,578,481,127,398
191,150,571,466,122,364
194,150,595,482,121,427
188,153,561,415,108,467
191,155,565,482,114,395
192,155,561,450,119,383
212,163,608,515,130,404
208,149,559,473,122,405
189,149,578,437,134,376
186,153,585,463,117,418
185,150,575,440,108,412
167,155,577,440,126,401
194,153,564,486,117,392
180,150,572,458,132,400
200,153,583,488,127,378
203,160,594,529,123,467
195,155,549,457,114,393
198,158,569,491,117,377
194,147,571,467,123,417
182,149,575,456,119,398
200,144,550,454,130,406
196,156,578,474,126,435
190,156,580,473,127,395
193,152,588,467,121,410
192,159,592,484,122,465
195,150,577,450,120,434
197,148,566,471,125,382
197,151,556,482,129,409
180,159,575,443,126,398
193,151,577,455,120,388
191,154,579,453,135,400
185,158,579,450,126,446
197,153,614,454,130,403
187,155,566,461,121,394
190,170,606,432,123,399
181,154,579,451,125,421
200,154,566,477,119,399
192,152,569,473,127,417
189,159,590,486,130,419
205,150,558,502,120,417
199,146,570,513,124,401
202,158,598,466,118,430
167,152,537,453,123,355
186,146,590,453,122,456
221,151,570,532,117,405
198,150,557,495,108,398
201,150,550,476,116,364
190,158,570,484,135,449
186,152,575,452,123,404
208,157,589,480,122,427
181,154,588,455,120,417
193,151,559,492,112,375
184,158,560,449,131,384
210,156,593,485,122,441
196,156,567,477,121,386
190,145,550,482,121,397
178,150,563,454,121,389
200,159,570,491,128,413
195,152,561,440,133,416
185,152,592,461,122,359
189,148,536,457,114,385
202,154,553,468,120,411
190,154,584,474,127,376
194,172,590,497,119,422
194,154,569,454,118,411
187,151,556,486,119,366
203,163,582,479,123,404
198,150,573,524,118,408
174,165,579,407,126,448
194,148,553,472,116,379
206,150,568,463,124,394
190,147,567,456,123,385
215,166,574,509,119,402
198,153,577,489,124,396
205,154,601,475,127,412
185,151,543,466,116,397
189,154,587,459,115,396
203,162,588,508,130,440
193,152,572,499,119,435
200,157,593,490,133,437
183,157,568,423,128,473
205,158,603,517,122,437
191,154,579,468,123,395
210,158,605,479,126,462
191,150,576,463,116,423
186,160,582,440,126,423
200,160,590,472,122,416
171,154,565,435,122,387
218,152,588,543,130,442
198,144,558,496,117,402
182,159,586,499,130,447
197,156,582,492,131,410
193,159,582,519,132,453
186,165,601,456,130,411
221,166,606,543,133,428
196,153,561,454,115,387
215,147,550,497,130,394
185,147,538,465,126,393
182,148,576,449,120,396
198,152,570,471,132,405
181,149,562,445,122,416
197,164,580,483,121,439
200,149,584,491,120,410
200,158,565,489,124,394
209,155,574,472,128,403
187,152,563,467,140,433
193,156,577,463,119,375
191,163,573,476,128,461
197,157,560,481,115,407
188,155,577,448,123,414
190,157,573,462,120,389
211,154,595,520,156,380
190,155,578,456,127,373
194,155,586,481,138,412
202,157,570,496,127,406
201,156,568,500,124,437
188,151,584,456,117,371
208,174,615,526,139,440
191,153,568,473,128,397
188,157,568,441,126,368
203,164,587,496,126,420
202,155,584,505,123,395
191,150,563,484,130,365
184,147,557,443,120,407
186,144,564,448,116,408
186,154,564,471,120,422
197,160,589,500,124,424
181,155,575,450,125,419
194,158,574,489,129,417
191,155,563,476,123,372
180,152,580,428,122,385
198,156,576,479,118,416
200,164,608,477,122,411
199,157,583,496,128,472
177,150,560,454,127,365
197,159,580,475,121,410
201,155,577,475,112,402
194,147,545,461,123,382
191,154,584,471,119,372
186,157,582,473,127,404
211,155,593,501,136,435
208,156,547,513,129,390
194,153,577,471,128,394
192,167,603,482,124,391
187,153,603,486,120,405
198,161,586,471,126,430
182,151,572,453,120,385
194,157,576,446,117,411
187,149,565,453,117,434
205,158,552,488,130,426
194,163,585,463,129,396
195,157,570,470,123,412
204,153,566,483,128,403
186,153,565,452,113,404
207,147,578,499,128,371
183,157,579,472,119,381
188,146,560,453,112,397
197,154,568,478,128,405
190,154,595,471,134,426
197,160,587,465,121,405
207,153,570,490,127,445
196,164,586,479,115,429
198,150,560,478,124,382
196,157,566,507,126,390
193,153,574,460,118,371
206,177,615,495,127,442
181,147,567,461,127,413
176,154,548,424,117,397
186,155,594,453,119,385
179,153,554,447,113,356
194,153,552,468,126,412
205,153,570,483,121,378
195,155,580,483,127,411
204,151,572,467,127,389
190,153,583,455,120,386
200,156,575,475,125,405
188,154,540,430,123,355
204,159,577,463,119,414
198,153,585,470,117,393
203,157,566,492,126,397
191,155,568,447,116,426
201,148,568,483,123,387
215,160,600,498,124,431
205,157,588,483,124,412
173,147,547,415,123,424
197,151,570,458,124,385
186,166,590,499,129,406
202,156,580,482,121,370
192,146,563,469,130,362
195,161,610,451,131,472
199,156,576,489,134,410
208,150,585,461,132,392
199,156,567,485,122,393
189,158,578,453,124,412
173,155,553,421,111,382
190,154,574,440,125,393
197,147,556,502,121,383
180,154,577,468,116,382
203,157,577,485,137,428
193,153,578,478,124,379
190,152,582,479,125,408
198,153,580,448,136,465
188,161,557,436,116,413
192,170,578,428,122,421
190,166,552,445,117,428
201,155,560,476,126,393
183,158,554,455,114,401
175,166,570,458,121,403
198,158,587,476,128,396
181,157,586,437,112,391
197,161,608,490,122,434
181,162,554,455,133,399
195,159,573,490,118,395
178,152,567,472,123,369
190,154,574,444,128,387
197,163,589,481,129,443
190,160,567,463,120,411
203,152,581,458,122,417
187,158,600,447,123,401
190,157,585,480,125,420
191,157,585,457,129,414
187,152,565,463,126,360
190,151,575,466,133,411
193,172,617,464,128,442
197,157,578,476,130,395
176,166,574,439,120,381
174,157,566,430,122,346
197,162,590,461,133,430
198,153,577,466,122,411
190,158,577,468,128,436
193,154,547,464,122,386
193,157,581,450,123,375
197,154,580,475,118,441
185,153,582,435,113,377
190,154,573,464,130,368
187,168,597,442,123,413
177,153,568,435,117,401
187,150,580,454,113,404
183,156,572,467,124,383
201,151,582,476,122,383
184,147,575,450,113,456
185,156,566,478,122,393
180,154,553,431,108,367
188,149,573,448,122,444
220,155,587,538,137,397
195,161,593,437,126,413
194,162,599,496,126,432
204,157,559,499,125,377
188,153,569,497,129,412
193,164,595,487,130,375
194,158,579,457,110,411
207,145,567,550,115,413
186,153,557,441,120,395
185,148,594,480,134,429
200,152,568,449,134,380
190,154,554,422,125,385
186,155,590,415,116,440
188,163,544,457,120,442
194,149,575,440,122,362
180,146,555,439,108,403
188,156,564,463,120,418
189,156,590,441,126,419
203,157,603,471,125,401
192,143,547,457,125,375
194,157,596,496,129,460
199,154,586,466,140,439
200,156,592,512,126,362
188,154,586,497,126,388
197,154,583,496,121,450
193,160,570,496,118,409
197,154,584,504,122,435
186,147,553,452,112,354
209,155,540,466,124,432
194,149,574,462,119,393
195,147,561,477,119,360
192,160,596,463,111,409
186,156,580,446,132,400
196,160,582,484,131,399
188,153,571,475,120,369
200,158,603,479,129,424
195,146,572,475,128,431
200,159,578,498,125,380
174,146,566,436,138,365
197,154,592,473,120,438
183,153,581,455,119,399
204,151,585,477,120,451
179,146,550,436,126,340
184,161,577,466,121,447
195,158,578,453,122,386
204,163,590,488,134,434
198,156,597,481,123,423
191,157,592,519,132,410
187,150,563,480,118,375
180,141,578,431,122,374
183,153,564,481,122,385
216,156,574,505,122,391
188,153,573,472,127,412
200,152,575,477,126,403
200,155,589,510,123,413
187,147,566,432,113,383
199,150,570,510,129,429
195,157,559,463,123,360
188,156,560,493,125,416
219,143,561,509,117,375
194,153,574,478,128,438
198,163,606,458,123,422
182,154,578,452,123,381
212,153,594,511,125,427
192,165,622,500,130,397
194,156,579,502,123,401
180,157,555,454,120,389
183,155,568,450,117,382
189,160,587,440,119,447
190,162,578,451,111,442
186,146,550,468,128,392
190,149,552,420,117,410
193,166,630,471,123,425
197,154,576,500,120,372
197,156,602,465,130,405
204,150,585,504,126,402
187,153,605,441,117,414
214,161,594,486,124,372
206,150,590,503,128,405
187,155,576,478,120,363
203,160,590,500,122,432
200,161,588,501,122,436
193,158,580,469,123,401
196,154,574,489,118,402
196,160,584,476,125,425
192,157,567,438,117,372
200,159,575,487,126,365
192,161,596,466,126,397
188,154,570,449,124,380
174,153,576,453,120,406
191,140,548,485,129,373
195,149,583,457,119,410
188,153,550,444,117,396
184,161,586,462,114,377
206,151,567,531,128,373
205,158,593,495,125,442
195,145,588,487,126,388
205,162,614,518,126,437
201,162,577,490,121,418
188,152,568,454,126,393
191,151,538,463,112,364
214,161,590,498,129,395
197,157,584,503,121,421
184,149,544,461,109,325
186,156,571,446,120,346
182,152,560,458,124,366
199,154,590,482,130,429
174,145,541,420,106,311
199,156,587,485,138,412
217,154,606,496,135,435
201,152,579,513,114,411
189,161,575,460,124,400
189,156,574,442,123,410
203,149,571,485,122,368
195,154,576,468,125,385
189,151,572,473,127,402
193,146,552,484,111,357
200,161,607,440,108,471
193,155,578,480,128,385
194,146,552,466,120,363
185,161,612,473,132,440
184,163,593,456,120,380
193,161,577,463,111,388
182,155,577,461,123,384
187,149,570,461,114,367
202,151,549,497,120,392
204,152,568,512,127,376
196,154,583,476,123,401
211,153,582,483,130,401
184,155,584,451,120,396
187,156,596,461,130,357
184,147,565,459,121,354
195,152,563,466,119,377
187,153,558,433,115,409
182,153,567,447,124,356
191,152,582,451,128,402
198,157,561,476,120,399
181,149,575,439,114,388
178,151,568,470,120,384
213,160,611,468,124,446
194,153,561,481,120,355
199,158,586,448,129,435
204,163,615,478,129,424
183,146,557,452,115,367
195,155,597,492,126,396
206,156,564,438,124,413
202,155,582,492,119,406
184,149,564,431,111,387
186,152,561,492,123,375
215,146,564,494,115,350
189,152,557,457,118,402
188,143,564,466,127,352
177,167,598,447,129,470
194,145,562,461,121,366
188,148,549,464,119,392
184,150,572,453,123,378
190,154,586,469,115,409
178,150,573,447,105,407
186,147,546,443,116,357
201,167,615,461,120,436
190,145,534,468,109,359
205,160,602,486,127,438
187,148,554,456,114,374
191,158,587,478,117,405
185,151,566,461,125,366
192,164,583,467,115,413
199,159,572,467,124,389
209,156,605,523,123,438
187,157,578,447,131,383
194,152,594,517,138,400
192,154,580,478,124,401
198,154,556,491,118,369
179,142,552,442,130,357
187,149,593,465,131,386
184,155,550,464,109,379
189,159,593,471,123,409
189,149,558,465,116,392
184,154,547,428,124,411
197,159,574,474,133,414
192,152,557,456,110,350
196,148,572,466,120,392
195,162,588,494,128,379
194,150,577,477,131,427
185,160,595,450,134,444
200,162,588,486,123,424
190,147,584,457,117,400
184,168,577,462,124,416
177,142,544,428,112,357
177,165,595,443,120,395
187,155,562,438,120,411
173,147,571,451,124,396
178,155,586,430,117,422
193,154,571,482,107,395
189,152,570,495,115,424
193,159,590,490,125,386
197,152,582,463,127,383
201,154,571,504,125,377
184,164,587,464,125,451
186,150,553,467,127,394
191,147,576,492,124,390
180,146,559,445,108,388
184,152,551,429,126,422
190,156,574,454,124,392
192,147,552,483,126,396
192,158,574,475,120,416
183,151,584,464,119,358
184,158,563,451,110,377
184,150,570,424,112,385
168,152,557,422,123,377
197,158,574,464,114,388
184,160,573,483,134,402
196,159,564,503,123,387
193,149,553,455,120,407
194,157,579,486,114,436
208,154,591,523,114,434
195,154,563,486,118,378
191,153,586,468,123,397
195,156,584,468,114,357
200,170,603,504,127,420
204,153,584,511,130,411
187,144,548,471,125,405
192,151,572,487,118,377
180,157,558,459,117,410
186,157,577,472,118,415
192,158,568,511,115,413
181,155,570,462,120,368
198,154,574,514,127,405
199,152,587,497,116,433
197,153,573,470,122,410
198,152,564,508,129,399
191,147,556,484,124,369
180,158,573,457,123,406
196,152,590,498,124,422
190,153,578,493,130,429
206,157,607,507,128,432
185,149,545,451,117,383
200,160,600,480,118,408
178,153,545,435,120,402
193,152,591,472,129,426
196,150,568,457,109,394
207,158,583,496,126,408
187,147,568,439,123,402
210,158,593,529,119,444
191,154,603,444,122,380
187,153,593,436,124,411
198,150,575,476,124,380
196,154,564,499,123,420
182,157,577,449,122,359
190,155,569,444,124,397
196,146,576,477,131,387
199,164,601,496,116,425
182,163,606,493,123,462
195,151,566,462,115,382
190,148,546,458,109,388
191,153,587,453,126,449
194,152,566,486,123,405
194,151,591,457,122,397
198,153,580,529,123,383
217,158,588,545,121,417
184,156,589,436,115,385
204,150,571,476,118,397
193,158,571,454,110,426
205,159,600,478,133,451
187,149,578,454,129,422
195,168,618,475,130,466
174,147,544,445,114,365
194,156,566,474,128,410
181,149,573,456,116,358
205,153,583,497,121,415
191,149,558,480,119,396
206,155,574,468,124,441
200,158,583,473,124,412
200,156,580,499,119,425
174,153,557,431,123,382
194,154,589,468,129,419
197,163,596,431,127,408
189,159,603,472,123,438
188,156,587,456,122,414
180,157,605,446,115,397
193,152,578,454,115,413
190,157,602,471,121,415
190,161,615,474,121,465
187,154,556,451,115,404
187,154,599,492,131,425
190,166,577,499,135,419
190,156,596,494,127,404
186,160,593,434,124,447
192,150,545,461,119,379
198,155,578,475,120,440
185,155,568,459,124,430
212,152,572,503,126,399
204,150,585,488,124,408
196,152,578,478,117,405
193,150,551,486,128,376
175,154,567,431,121,421
184,158,602,443,120,433
192,152,580,475,117,412
183,146,556,468,124,384
197,151,552,461,120,394
198,156,592,473,128,418
214,153,574,488,127,438
201,158,585,467,116,379
197,153,566,489,134,379
205,153,580,494,124,372
200,153,565,484,123,408
196,156,578,460,127,432
176,154,551,414,114,389
209,162,572,475,120,450
176,149,557,462,121,385
189,149,563,463,109,367
194,152,588,480,135,474
195,150,577,483,120,408
188,164,603,451,121,433
186,154,588,440,123,376
186,162,574,465,118,404
201,163,587,461,133,483
183,151,563,449,111,365
188,144,555,499,114,370
198,155,587,503,128,382
181,160,581,454,126,449
197,156,578,479,128,373
187,159,582,436,115,419
198,157,552,458,133,368
196,147,579,475,120,391
193,153,584,490,127,428
197,155,587,470,124,420
206,160,599,509,129,408
185,158,578,468,117,382
184,149,573,448,120,398
204,146,594,493,123,403
195,157,600,483,129,422
191,153,572,477,131,400
197,161,594,482,120,395
187,147,568,454,111,404
195,148,569,493,112,371
200,146,564,486,119,372
182,156,569,448,102,400
194,153,584,465,130,388
186,150,574,476,120,360
195,153,580,479,125,410
191,155,590,446,133,417
194,160,583,479,131,451
193,146,566,452,123,398
190,154,570,486,119,420
201,148,561,469,119,398
186,164,584,468,123,402
195,154,593,481,118,418
188,152,569,458,123,435
180,147,553,446,107,398
197,161,569,478,111,418
195,156,569,483,124,401
204,157,587,471,122,469
192,161,577,477,118,451
195,153,578,477,108,392
185,161,577,502,126,412
194,152,578,473,122,426
190,156,580,464,116,410
210,158,600,485,142,418
187,148,566,444,109,414
193,157,572,481,124,398
193,163,590,493,122,430
197,151,577,475,125,405
210,152,573,521,121,393
176,157,568,423,128,350
206,140,560,504,112,378
193,158,588,477,132,375
205,157,568,511,118,421
199,165,607,466,132,410
206,153,593,481,128,411
200,157,584,492,133,433
197,155,578,507,124,455
205,156,589,494,125,485
231,153,576,510,128,371
213,148,571,494,132,396
215,148,567,501,122,362
204,158,595,491,126,437
215,150,563,540,128,391
174,148,547,422,114,378
207,147,582,511,126,382
192,151,567,468,129,395
204,150,573,502,132,382
195,164,590,452,119,428
190,148,573,467,115,385
198,152,582,456,123,419
204,158,580,498,138,400
198,154,577,470,132,394
189,155,559,463,112,365
214,162,593,498,119,446
203,158,564,469,124,429
191,153,569,455,125,412
207,151,569,492,126,390
205,155,590,475,123,402
203,163,584,478,125,460
194,160,594,457,122,422
186,157,579,435,122,416
204,158,588,495,119,405
183,148,553,441,116,366
207,156,590,502,127,419
200,144,566,458,115,392
186,157,552,442,108,406
186,140,552,455,122,375
197,160,588,479,114,447
198,161,589,472,123,411
190,156,580,462,128,391
184,153,568,437,118,381
194,163,596,468,124,439
196,154,577,468,116,415
193,146,549,449,106,345
198,158,577,493,122,410
183,147,557,436,118,385
180,151,568,452,123,405
191,152,587,479,122,472
177,158,572,424,130,394
194,155,575,478,126,449
198,150,571,478,113,438
200,158,596,497,134,467
208,154,603,478,118,417
178,154,562,443,112,369
212,157,579,514,116,352
194,154,573,458,113,403
194,151,571,464,119,400
202,151,575,505,124,392
207,154,585,487,126,396
197,154,584,504,115,397
203,164,624,473,132,453
177,153,568,449,112,384
184,153,569,483,125,400
198,150,574,460,118,393
195,161,596,472,133,387
198,158,573,508,132,377
186,156,558,463,121,349
198,162,573,477,130,391
191,157,554,443,116,372
186,150,541,456,110,372
183,159,557,458,116,373
186,160,587,498,128,427
196,152,558,484,119,411
181,154,568,451,120,384
200,157,617,480,128,408
203,152,596,479,120,423
181,156,600,468,124,379
186,145,551,452,121,398
185,149,562,457,125,401
210,164,615,489,141,404
180,145,575,484,120,364
215,142,578,502,125,401
172,149,547,400,122,390
208,148,597,515,133,403
201,152,565,478,119,407
204,158,580,488,128,445
201,158,593,521,122,394
177,150,559,439,118,405
192,148,566,483,122,402
188,155,567,457,134,411
185,150,584,480,119,399
197,147,565,479,123,445
189,152,560,455,128,394
199,142,571,466,127,421
212,160,584,492,126,447
171,153,560,432,108,370
188,151,571,430,128,379
188,155,582,453,119,383
167,160,558,388,108,427
186,154,581,435,117,363
190,153,581,467,129,390
193,156,598,484,132,421
176,156,553,423,117,371
181,158,595,432,129,400
201,160,590,476,112,414
204,151,574,465,122,396
197,151,563,470,120,375
197,152,594,465,119,431
179,148,563,456,116,365
186,153,580,463,122,399
194,149,577,459,118,393
177,153,590,432,116,426
191,152,563,444,124,382
188,155,559,437,120,354
191,169,587,472,121,427
203,148,554,452,111,373
204,153,591,488,123,425
200,153,598,486,121,393
193,151,548,456,108,394
191,158,572,466,122,417
203,153,549,492,119,428
196,160,604,480,128,428
190,147,566,442,120,389
198,157,577,505,129,408
184,147,544,443,109,335
189,149,579,490,123,395
190,158,615,474,124,392
196,147,572,508,109,384
196,157,614,482,133,458
188,150,605,470,118,391
201,154,584,458,119,394
184,158,577,462,113,360
173,144,535,427,109,335
204,157,581,460,131,383
184,150,557,485,124,380
185,151,568,435,118,377
212,160,601,493,132,444
173,146,548,428,112,373
194,159,604,467,110,410
215,152,587,513,124,445
200,153,594,505,127,442
213,165,575,488,119,432
190,154,557,466,127,397
211,151,568,485,122,426
190,162,583,463,130,372
197,163,580,478,132,406
206,155,572,497,127,395
194,161,597,481,126,425
210,143,560,494,121,433
191,160,592,476,126,404
192,152,569,427,130,366
184,151,560,458,125,403
209,159,575,481,124,428
190,154,590,452,137,399
207,147,581,497,118,371
191,159,578,478,125,390
204,155,573,485,128,360
187,150,579,459,123,383
181,155,566,433,115,365
175,147,548,424,109,349
213,152,567,502,133,374
197,163,623,459,117,421
181,160,607,452,129,383
206,157,583,421,116,437
185,164,575,440,111,381
202,157,582,475,135,395
195,162,575,460,115,430
201,158,570,450,126,399
195,152,572,472,118,416
186,160,574,464,131,403
174,152,553,387,111,363
200,146,563,466,129,364
185,155,557,433,127,377
201,154,573,451,119,415
187,148,558,430,122,398
195,157,567,479,118,380
191,162,581,436,127,447
210,160,574,457,132,405
186,153,577,465,114,399
200,157,570,503,128,426
198,160,595,488,128,392
195,157,590,488,120,382
191,144,564,487,130,405
212,153,567,475,132,369
200,155,577,475,122,406
184,154,577,446,115,384
188,158,606,464,117,412
199,144,590,502,139,409
188,170,617,463,123,388
196,150,566,473,124,379
213,161,613,536,132,413
206,156,576,483,125,415
191,146,588,462,125,405
191,154,580,478,132,385
213,152,600,497,132,406
204,157,572,485,131,410
207,156,588,479,137,402
202,156,607,465,123,393
196,150,550,454,115,387
178,163,573,434,127,349
199,156,581,465,123,401
199,154,572,488,120,400
203,155,582,474,122,430
189,150,571,434,118,392
205,150,567,515,122,385
194,172,589,447,129,405
186,156,574,418,113,360
190,148,583,456,122,378
187,155,584,436,129,391
180,155,593,462,129,403
192,156,615,466,123,409
209,151,560,446,124,395
196,154,590,502,119,420
204,157,603,470,132,445
201,154,565,478,118,383
200,160,590,496,132,397
209,158,584,493,125,417
194,160,610,451,123,418
203,149,563,492,127,423
193,154,585,482,125,417
188,149,576,476,128,374
198,165,588,470,132,380
217,148,574,517,119,406
192,145,560,471,127,394
201,152,582,472,120,388
186,153,586,446,124,377
201,148,574,495,129,398
197,147,574,513,120,435
197,156,559,464,121,372
204,156,584,454,117,396
186,152,558,445,122,387
194,148,571,467,121,379
186,154,554,457,110,372
176,146,554,433,111,356
201,152,564,438,122,385
197,154,574,479,114,395
192,157,588,494,125,386
186,141,554,435,126,370
206,156,585,491,122,395
203,140,565,500,119,441
184,152,570,473,116,397
185,158,588,476,120,409
191,153,580,456,126,361
181,151,556,441,115,375
171,143,576,400,116,385
204,166,596,494,124,380
187,161,577,436,122,379
198,154,584,492,135,441
187,158,578,428,129,448
202,158,613,477,121,426
182,154,588,440,122,394
207,152,591,489,128,423
188,155,584,434,128,411
203,152,578,496,124,385
217,159,614,513,129,456
185,157,591,457,125,367
190,146,573,467,116,372
175,151,556,431,121,370
209,147,564,507,130,363
179,163,596,424,133,384
197,163,594,465,122,461
203,164,607,516,136,473
196,158,605,486,127,420
206,154,587,486,128,415
188,155,555,426,118,366
195,162,592,457,122,425
193,151,592,447,123,402
204,160,614,465,134,408
194,153,569,449,119,416
185,149,562,441,115,387
184,144,550,466,116,365
214,148,586,542,120,366
188,154,577,483,128,397
195,148,570,526,124,383
195,154,574,472,116,400
194,156,586,492,120,382
200,157,588,457,109,429
210,158,584,521,123,388
202,154,588,464,117,366
203,156,568,474,122,387
192,157,586,463,119,405
201,144,589,453,122,367
187,152,581,451,116,415
192,153,572,466,120,369
194,154,581,467,122,413
200,147,582,477,135,415
184,156,554,432,126,361
175,156,543,401,113,385
188,150,568,459,125,411
191,155,568,466,115,382
186,154,555,485,118,404
195,157,572,475,129,418
194,156,571,485,133,458
203,156,596,508,110,451
184,151,584,445,122,431
194,156,594,485,111,384
203,154,580,461,128,415
209,158,582,479,128,407
201,165,600,461,121,422
206,151,573,503,127,386
191,157,566,442,126,404
197,153,570,461,122,380
177,153,577,415,108,386
179,154,566,463,110,370
189,157,587,472,134,404
204,156,594,490,125,392
214,151,567,466,118,382
203,148,555,498,129,382
185,151,572,489,129,381
176,150,562,429,121,387
188,140,545,451,110,366
183,153,560,443,122,410
199,148,562,473,112,375
187,154,561,453,123,418
196,164,610,470,119,433
192,157,585,472,128,403
209,147,562,509,134,382
209,153,599,498,135,438
203,155,584,491,130,401
215,159,625,497,130,466
187,160,587,429,126,385
197,156,576,490,133,464
199,148,572,458,122,417
192,164,586,465,114,412
193,145,543,473,115,387
192,156,574,468,108,376
192,154,590,471,117,426
203,153,541,466,126,378
195,166,600,479,123,458
192,152,567,468,129,394
195,157,590,473,116,418
196,146,567,516,117,398
193,153,590,462,128,410
201,159,585,484,122,406
193,154,587,480,128,382
175,150,561,466,112,362
190,150,572,482,123,397
191,155,564,507,121,377
178,150,550,448,117,358
196,154,584,488,116,395
205,154,531,455,120,368
205,156,577,497,124,392
190,155,564,458,120,411
203,138,555,496,130,355
197,156,576,486,123,471
194,144,560,491,114,394
178,156,588,428,124,397
203,158,579,464,126,373
190,153,563,444,118,380
190,151,550,474,130,349
186,167,584,458,111,397
183,150,563,444,114,352
191,158,591,467,130,415
202,151,567,481,115,381
198,151,587,473,124,381
191,155,578,471,128,422
191,164,602,458,121,398
210,163,584,512,128,443
196,150,573,456,123,402
186,153,564,431,118,375
214,161,598,537,126,467
182,156,583,428,127,397
182,150,565,433,125,383
197,148,547,484,128,368
204,158,592,454,130,393
183,158,577,443,121,436
184,145,549,441,114,370
201,153,576,437,134,437
195,158,582,459,119,414
184,166,598,458,130,390
198,153,594,512,131,404
180,147,567,435,119,410
189,159,589,434,125,431
194,149,600,486,123,449
191,163,563,479,122,429
210,155,582,499,129,392
229,152,583,520,136,399
201,154,570,497,128,381
208,164,613,494,129,442
189,161,563,464,117,368
194,162,604,470,122,399
192,158,587,429,129,420
181,157,568,448,132,375
180,161,597,454,127,441
194,149,563,471,123,413
190,154,574,490,130,361
193,152,578,461,121,420
200,150,575,508,113,444
191,160,620,494,133,432
200,160,589,459,124,388
192,164,588,452,119,415
178,153,577,423,120,398
177,160,574,426,110,401
203,157,598,491,137,429
191,161,594,480,137,417
196,160,603,472,120,427
196,155,599,485,121,450
198,176,585,454,133,382
181,152,562,439,122,356
192,156,590,464,113,437
190,154,564,434,105,373
197,141,575,473,125,368
194,159,563,475,132,404
197,164,575,463,111,380
185,152,573,459,125,383
194,150,578,452,117,378
212,159,604,515,135,451
193,156,576,473,113,384
190,146,527,440,109,372
204,148,573,512,125,378
200,154,568,494,127,386
207,148,558,470,120,380
197,165,613,473,129,448
204,157,577,471,133,450
190,150,581,450,107,393
205,156,566,479,124,433
201,153,570,493,119,417
180,154,576,438,117,402
197,171,625,455,136,407
215,153,597,514,122,427
184,161,567,430,119,383
203,150,563,492,126,369
190,154,560,443,120,376
200,180,600,465,132,430
201,166,591,486,120,426
219,154,594,481,125,399
193,158,586,463,134,414
204,149,582,483,123,367
190,152,578,426,121,446
194,159,587,451,123,401
194,157,583,482,119,411
193,157,564,483,125,413
213,155,601,518,130,436
202,153,582,498,137,443
202,153,574,500,128,421
204,147,547,454,115,399
176,156,570,439,115,383
204,149,582,496,130,439
194,157,586,469,125,433
195,152,575,456,126,376
189,151,566,471,120,401
194,154,598,492,121,430
198,151,574,474,120,418
190,154,595,455,121,388
200,156,603,491,123,421
201,154,565,453,128,407
196,147,550,469,130,389
204,170,584,464,129,367
200,150,562,473,128,398
215,158,593,514,127,412
197,158,599,446,124,452
185,158,584,442,122,414
190,150,578,457,120,362
183,156,578,461,123,398
177,155,579,425,124,382
206,152,590,490,127,385
202,159,597,464,123,405
197,152,562,481,117,416
220,160,575,548,127,424
218,144,574,539,118,371
195,158,592,486,130,428
200,153,588,484,133,484
184,154,557,452,109,364
225,156,593,529,131,425
198,152,574,464,114,417
199,158,578,484,128,397
198,156,578,486,128,381
197,153,568,486,129,395
216,153,598,522,136,437
197,154,580,466,123,405
204,154,582,531,114,395
210,159,597,528,126,422
190,146,584,467,115,386
194,153,577,458,136,431
190,165,558,439,120,445
193,152,569,462,120,392
198,154,577,483,125,380
202,154,597,489,127,391
196,155,583,481,128,407
206,149,593,503,133,405
199,155,565,474,123,390
200,156,582,468,131,375
200,153,573,477,138,451
207,157,591,492,124,400
208,158,590,494,115,399
186,150,555,478,117,408
205,154,573,474,134,417
190,156,584,457,114,410
185,152,579,464,120,410
205,160,583,480,130,437
213,160,586,494,131,433
208,157,586,513,118,406
203,157,579,486,132,395
187,154,548,442,118,375
188,157,577,450,119,382
197,154,568,476,111,380
180,158,593,441,126,428
196,154,581,459,125,369
185,152,563,507,126,400
195,151,557,467,120,377
208,150,562,492,128,380
197,154,589,506,117,398
190,153,562,456,122,342
190,158,586,470,126,403
195,160,590,481,120,377
202,141,545,505,131,376
206,154,592,477,125,403
209,153,582,482,128,405
188,146,548,442,118,372
189,152,569,443,123,412
213,159,580,515,133,405
183,153,548,446,110,367
195,158,568,480,112,400
193,158,546,452,120,382
188,147,550,464,115,358
203,152,582,494,123,390
196,167,596,470,130,393
204,153,578,500,126,373
205,157,588,510,130,388
187,147,596,435,120,386
204,150,587,489,130,399
193,163,606,473,121,407
187,150,553,468,121,372
188,149,558,482,118,377
180,148,555,436,122,362
178,146,537,427,114,370
206,157,597,506,122,414
180,152,568,461,121,362
190,158,565,448,118,413
195,161,573,457,117,379
194,161,577,455,120,415
199,148,571,486,126,367
192,156,613,503,122,419
203,147,577,472,120,388
203,151,568,505,115,437
185,157,574,452,118,374
194,158,582,460,128,384
190,145,568,456,120,389
208,154,588,479,124,390
200,155,567,451,127,391
193,146,566,483,135,385
203,160,598,493,121,394
195,151,573,443,131,404
189,163,570,459,103,395
216,160,594,497,122,398
195,153,580,474,128,428
188,162,587,420,116,422
205,157,575,466,122,373
215,151,558,439,125,356
198,157,574,452,123,378
197,150,570,452,122,353
183,147,561,440,104,381
195,156,575,438,127,431
205,161,587,463,124,412
200,154,566,475,116,395
207,154,583,447,129,363
188,147,550,415,119,393
180,154,600,433,127,403
172,165,573,399,120,384
189,149,556,442,120,369
197,154,595,482,128,425
194,151,568,438,123,388
199,162,581,437,116,423
190,153,581,467,117,374
232,168,590,517,135,465
207,154,574,470,121,390
204,168,571,475,122,419
203,158,577,466,121,388
183,154,555,452,114,415
186,143,548,441,122,353
202,162,584,450,119,413
200,155,586,463,124,389
192,146,560,431,117,381
188,151,563,447,119,360
186,159,571,463,131,397
174,144,545,417,113,360
195,157,572,434,117,418
195,153,567,474,122,376
206,146,550,475,119,424
197,160,613,487,130,413
196,151,576,475,119,361
173,150,566,433,119,344
191,151,555,484,116,384
201,152,582,470,135,388
197,160,602,443,137,400
200,158,615,478,133,404
206,157,590,495,119,415
216,163,583,495,116,441
214,163,588,467,126,437
200,144,564,461,123,391
203,158,585,425,118,415
201,155,580,468,123,431
185,157,583,476,117,389
188,161,597,438,120,401
188,153,571,433,117,385
200,152,558,466,123,373
206,149,566,485,128,381
211,155,587,465,127,439
203,155,595,491,130,481
206,156,593,484,129,446
207,148,553,497,118,395
186,163,582,467,126,389
190,157,588,468,126,416
188,157,562,474,114,376
192,157,576,491,121,384
205,154,580,504,126,440
215,151,564,509,133,449
186,155,597,421,122,372
214,163,597,552,128,450
206,153,583,462,121,416
210,161,585,462,116,403
210,162,614,449,130,423
194,155,583,436,132,424
197,157,583,461,123,402
200,150,554,481,123,410
189,153,563,431,125,389
184,154,565,423,114,402
200,159,584,441,123,437
194,149,553,443,121,382
211,153,578,486,121,395
200,154,576,455,116,392
199,154,573,445,131,379
200,152,587,506,137,404
204,155,575,455,125,414
194,155,556,440,121,363
205,155,576,458,126,407
206,157,584,472,121,400
190,152,557,479,117,352
200,151,578,479,117,422
181,159,577,449,120,403
199,152,600,465,123,448
206,158,593,459,121,406
194,152,570,490,128,396
197,157,557,438,124,401
198,153,554,450,114,395
200,154,585,450,131,391
208,154,565,504,117,377
193,162,588,441,134,422
198,161,608,457,129,433
225,160,591,526,127,439
204,146,593,503,123,379
190,154,579,456,127,377
195,154,564,440,117,355
198,146,588,465,132,404
200,144,549,474,115,392
188,156,581,429,121,429
185,149,523,459,126,362
194,150,546,454,112,411
200,157,570,444,130,429
180,162,564,394,115,416
187,158,574,444,121,385
217,154,575,507,127,436
192,150,547,423,119,373
206,154,557,482,124,419
187,148,570,419,117,404
196,153,563,467,123,365
212,168,604,493,131,410
193,154,581,458,111,377
191,161,571,461,115,428
195,157,600,451,121,421
180,168,588,435,120,417
191,155,569,458,126,412
188,154,576,471,133,375
185,150,567,435,123,420
203,150,575,492,117,427
174,151,551,396,118,374
172,146,539,445,121,360
205,147,579,435,130,423
195,144,547,438,130,396
195,156,576,474,118,408
202,161,577,471,129,391
203,161,595,477,119,392
188,170,578,457,116,379
192,153,561,440,120,427
188,154,590,447,122,402
196,153,556,434,130,376
187,155,561,416,109,379
186,149,562,427,125,415
195,149,557,457,117,460
203,154,564,491,126,438
195,152,561,478,121,434
194,162,583,442,124,435
197,160,583,450,120,395
182,155,555,447,119,366
196,154,573,447,137,402
196,166,608,475,117,400
181,157,571,448,129,357
167,153,547,394,111,361
190,156,569,462,122,382
183,153,585,440,125,402
203,157,588,466,126,427
195,154,588,465,117,420
193,162,573,465,123,453
200,158,577,466,127,395
200,158,580,470,122,410
205,157,600,476,129,416
214,152,563,475,129,405
207,157,571,511,105,381
205,152,577,486,122,424
193,154,566,422,119,412
202,150,566,491,130,369
195,146,549,466,123,376
194,162,570,451,119,424
183,164,555,388,119,393
203,157,566,467,122,415
198,155,575,446,125,353
190,153,584,448,122,414
199,152,564,434,123,376
194,155,572,462,122,347
202,148,564,496,116,398
203,164,607,511,119,391
200,151,576,480,114,406
202,158,555,475,119,405
197,144,565,447,126,372
202,159,590,449,123,401
194,158,573,425,120,383
177,158,547,397,114,350
197,147,560,525,125,387
205,146,569,453,109,345
195,147,555,446,120,378
194,152,577,457,130,388
195,153,566,414,120,426
197,154,567,470,106,369
182,161,587,457,119,395
205,154,565,471,122,385
197,151,575,498,131,396
181,171,586,418,111,415
180,158,585,456,120,410
204,152,577,490,122,455
177,155,541,437,117,353
187,156,556,470,123,363
188,152,582,491,127,416
187,161,626,459,129,407
188,154,560,426,117,400
185,159,597,425,115,370
199,156,598,497,122,398
178,155,559,410,116,374
180,152,560,448,123,367
207,153,590,486,133,421
190,153,563,439,131,364
190,152,571,433,120,427
182,154,572,447,122,389
183,151,564,420,115,362
200,149,566,442,127,417
200,148,558,500,120,379
203,153,585,442,121,416
196,158,575,480,112,375
195,151,570,438,132,464
184,152,586,447,115,396
185,155,572,463,128,380
188,163,558,401,122,375
204,159,584,506,124,410
189,161,586,455,127,376
190,154,580,472,117,377
201,147,563,453,103,358
173,156,560,415,115,394
184,156,563,392,123,388
194,159,558,446,122,392
178,155,588,430,125,416
180,158,571,467,130,422
195,143,568,475,125,370
187,166,567,474,125,462
200,161,585,456,118,413
183,159,578,452,117,472
196,159,587,446,125,401
200,159,590,438,128,438
201,156,593,476,127,500
197,156,575,461,126,399
200,158,605,461,118,387
189,157,583,445,129,451
194,156,575,463,119,426
194,159,567,426,123,392
195,153,574,432,118,372
190,159,579,433,127,440
197,160,585,440,124,426
210,151,590,480,128,406
189,153,575,462,123,415
200,157,571,448,119,442
190,157,582,424,119,400
177,165,579,446,123,393
195,159,579,477,127,403
200,155,600,425,124,420
187,173,596,485,127,466
198,160,615,491,130,413
179,164,568,447,128,387
185,151,577,400,119,375
200,170,603,446,135,505
194,154,574,446,114,441
191,145,569,450,122,365
198,150,570,485,120,403
204,157,568,493,134,387
179,159,550,418,107,406
190,157,577,464,115,361
182,147,550,437,129,352
187,152,578,441,132,390
208,155,591,456,129,392
196,160,586,453,115,403
194,152,562,454,123,425
184,148,556,409,132,376
197,149,559,448,111,371
199,153,611,465,120,430
174,160,550,390,116,352
176,159,574,427,120,412
202,156,584,457,120,411
190,153,581,479,131,394
205,158,580,463,124,431
200,155,620,477,133,414
183,157,578,452,121,389
198,149,595,456,126,394
191,156,593,456,107,411
195,159,585,442,120,401
177,153,563,421,114,371
185,151,558,444,113,387
194,152,566,435,120,391
204,147,573,510,125,353
205,157,600,477,123,386
186,161,566,430,127,380
192,154,574,442,128,387
179,159,597,470,120,411
181,150,564,445,126,362
196,160,598,462,136,402
205,160,597,471,133,416
194,161,577,486,122,432
194,154,572,499,120,396
173,149,566,425,126,352
204,158,591,489,126,371
194,156,586,492,124,377
201,153,562,436,132,409
196,155,586,475,119,393
197,157,605,461,127,423
195,158,596,450,119,397
204,146,552,500,118,359
190,152,578,483,125,385
195,147,565,468,123,366
189,156,586,470,128,380
218,154,595,509,130,400
177,162,582,423,117,367
214,152,581,485,120,387
194,154,572,455,124,366
198,153,587,493,127,436
190,154,569,497,133,392
196,161,584,466,128,384
204,154,579,493,129,385
198,158,592,448,126,365
195,152,587,436,124,392
211,160,590,462,120,437
206,151,552,466,125,388
205,155,564,469,113,389
197,146,575,478,133,416
187,145,561,443,125,391
178,155,561,413,117,364
195,150,573,437,121,382
191,157,571,467,116,418
189,147,564,449,123,389
186,156,567,457,119,409
183,163,588,468,123,412
193,160,604,445,118,440
186,156,586,469,119,395
204,156,588,471,133,438
196,158,594,453,129,423
223,151,587,520,133,420
201,176,612,466,122,420
193,159,593,466,120,415
201,152,567,459,111,373
170,149,555,408,114,373
180,142,552,418,116,391
185,156,559,453,114,381
193,154,568,474,118,397
188,144,556,466,122,385
190,147,554,456,127,418
204,154,571,466,122,401
201,163,580,474,127,418
200,164,591,498,130,469
206,164,586,513,127,395
184,146,544,436,122,357
202,158,573,489,139,406
190,152,555,471,121,353
188,159,597,451,124,392
198,156,574,498,117,401
183,153,570,447,126,382
196,162,580,454,123,381
198,164,574,466,127,407
192,167,573,472,121,396
200,147,556,496,120,384
197,155,560,489,128,378
188,147,567,474,121,385
176,154,598,418,121,382
193,155,557,468,122,416
191,158,573,455,126,425
208,157,567,465,127,405
194,152,561,470,125,371
200,169,588,472,138,374
190,152,577,492,122,371
186,149,564,472,129,379
205,158,597,485,134,427
200,161,604,491,122,425
197,157,580,455,124,372
198,167,605,493,127,440
208,154,575,451,127,395
175,150,552,431,121,369
190,155,562,457,123,367
195,151,566,452,117,381
190,155,571,482,122,399
197,148,527,478,126,363
195,159,592,486,123,415
196,152,553,468,110,372
210,169,612,505,128,414
197,156,591,509,130,369
202,151,581,506,123,377
183,153,546,427,112,387
179,155,578,441,116,355
188,154,549,441,114,401
198,147,576,482,114,364
183,155,573,460,119,377
186,162,575,464,118,374
195,157,585,474,123,394
184,157,578,428,121,403
196,155,594,480,117,389
192,154,591,464,126,439
194,161,596,482,123,391
197,151,556,497,111,359
176,154,546,425,119,392
202,150,585,523,132,382
196,148,565,466,131,392
183,152,581,443,117,409
194,164,584,497,126,404
208,160,597,502,129,398
164,154,560,422,119,420
198,167,587,473,120,412
205,154,587,485,132,405
215,159,592,557,115,439
193,156,564,480,121,438
177,153,572,440,121,355
177,150,563,408,126,405
218,161,596,522,122,479
175,158,571,438,118,367
200,155,575,470,119,431
191,162,603,456,118,437
192,156,572,484,123,386
183,152,568,442,117,343
194,155,560,461,127,419
178,159,592,435,123,368
180,148,558,462,128,387
190,147,564,459,124,380
178,155,583,461,119,388
172,152,584,412,118,394
187,158,583,463,117,402
194,156,592,464,124,366
179,147,553,423,118,372
195,148,567,440,116,400
187,158,573,470,123,351
202,147,560,488,114,375
188,161,577,471,122,381
197,163,603,467,135,458
179,147,555,417,126,381
190,160,582,461,117,404
198,150,567,472,123,401
188,148,545,476,122,374
191,147,558,444,122,405
191,150,560,457,125,379
206,158,585,480,127,393
201,154,575,503,118,399
205,151,570,474,122,401
187,157,577,429,125,380
181,148,572,450,122,361
196,150,570,451,128,406
200,153,576,477,115,373
186,150,548,442,126,375
206,148,553,474,122,389
186,150,586,446,116,375
183,162,603,450,124,414
192,151,588,467,126,385
190,157,588,448,121,438
188,152,553,464,114,391
202,154,578,498,116,400
195,149,577,495,117,390
202,160,596,525,137,429
212,157,587,513,122,402
190,157,555,476,117,359
184,158,605,451,114,409
190,155,560,451,115,390
195,156,557,456,108,365
180,158,550,446,116,375
199,154,589,462,137,369
209,149,555,531,116,357
212,156,586,499,115,391
198,158,583,469,117,370
197,154,582,471,111,395
197,161,567,457,117,372
195,148,566,446,117,347
201,148,581,493,126,397
192,157,598,485,126,360
190,154,582,475,123,399
186,160,602,462,112,436
197,156,573,476,116,382
196,159,584,473,117,374
194,165,599,483,120,425
202,150,562,474,124,408
185,157,562,442,125,352
189,158,567,438,120,425
196,158,594,443,111,422
201,160,577,484,115,395
194,166,570,486,127,445
193,155,588,441,137,384
187,157,574,458,106,389
171,157,560,406,116,402
194,150,576,462,117,375
176,154,592,426,117,389
179,152,582,425,124,397
207,157,588,496,128,393
174,151,561,443,115,404
216,154,597,514,130,393
201,159,580,470,124,412
183,155,582,446,115,407
187,161,576,498,114,384
204,146,564,521,124,363
187,159,585,441,128,378
200,156,556,488,130,452
185,154,567,440,123,384
190,160,580,455,120,421
189,156,568,452,127,385
210,160,603,511,125,439
195,149,561,472,111,371
196,158,588,418,124,397
186,153,555,431,121,366
208,158,560,449,112,426
203,156,584,480,123,466
198,154,571,427,121,421
188,168,593,464,120,449
217,160,590,491,128,430
187,154,579,469,119,371
191,169,594,486,126,420
209,163,613,496,126,439
190,153,560,478,122,402
186,155,560,433,124,403
180,165,577,451,120,382
180,155,566,471,123,392
204,154,574,476,120,373
192,148,544,470,124,408
187,155,574,442,115,367
188,147,558,438,117,379
211,150,560,520,123,378
193,156,571,464,126,366
195,146,569,454,114,386
190,153,578,472,123,409
196,147,558,479,126,386
193,157,585,435,128,410
188,152,575,483,120,404
201,151,566,492,118,393
200,154,570,467,131,407
190,140,535,445,124,402
187,154,548,447,113,394
197,154,588,466,122,393
191,158,588,447,118,383
184,158,568,433,119,375
174,152,557,451,112,363
190,158,585,456,115,402
195,157,576,495,129,395
171,156,544,392,116,377
187,157,584,448,112,385
190,162,598,471,124,452
191,153,562,475,116,347
181,146,556,452,128,341
187,155,577,488,122,440
207,158,594,521,110,436
211,152,600,513,124,403
195,152,560,438,116,420
181,144,558,469,122,391
192,160,575,468,123,432
205,155,587,513,122,373
207,156,562,529,119,355
217,157,585,550,129,376
196,163,596,454,124,465
189,148,574,436,120,355
190,160,572,442,112,416
177,156,588,457,118,400
171,153,573,477,116,370
195,150,558,443,110,367
194,160,580,435,130,364
190,163,593,427,118,415
200,148,576,462,125,392
184,144,557,451,114,370
197,154,598,460,117,405
187,147,565,466,117,380
187,152,578,471,123,364
194,157,579,440,119,442
206,148,579,509,140,366
181,154,548,455,104,364
187,143,585,479,120,390
189,163,600,435,117,433
171,150,584,448,120,372
194,158,586,489,117,380
196,158,587,476,129,454
178,153,549,450,122,399
205,157,578,494,134,416
190,152,596,447,131,470
185,148,575,456,114,405
201,158,589,506,122,394
194,160,599,504,130,448
211,150,574,517,134,381
189,150,572,489,120,367
194,159,572,498,122,409
209,160,593,476,113,428
206,149,567,495,127,342
195,148,569,455,120,414
213,156,595,534,136,382
183,149,555,473,120,390
200,141,553,486,112,402
186,160,574,447,117,431
181,143,558,433,118,355
188,150,560,454,125,432
194,154,588,471,126,399
192,150,565,442,123,373
196,160,582,455,129,418
174,158,596,427,122,408
184,161,577,469,130,414
188,148,571,461,112,384
188,163,583,445,126,409
191,163,597,483,124,422
186,158,563,457,128,401
202,159,577,491,121,409
190,158,570,435,127,391
174,163,553,440,120,376
194,156,603,468,121,415
197,146,564,504,122,332
168,149,546,433,121,383
174,154,567,470,123,388
186,153,576,510,122,385
190,157,579,494,128,413
187,150,570,452,121,407
178,154,583,429,120,349
202,150,587,485,125,381
201,146,573,484,128,385
198,154,564,472,121,400
182,161,559,462,128,379
182,156,586,456,120,370
193,151,555,420,117,389
205,152,582,503,112,380
186,155,577,451,124,380
193,150,588,488,126,363
196,160,583,479,125,421
188,155,570,474,126,365
199,149,590,478,123,378
187,163,596,444,115,384
184,161,587,461,125,432
206,157,597,489,130,411
188,154,578,454,123,389
193,150,578,463,127,435
201,154,582,474,116,374
178,156,574,436,113,382
199,157,576,477,113,386
186,158,588,466,123,375
204,154,575,485,115,404
180,148,566,423,114,370
193,159,595,512,124,412
178,156,567,409,123,403
192,152,567,482,120,430
198,158,601,478,130,421
192,154,588,464,115,380
198,147,577,477,119,382
183,148,562,451,106,394
190,164,572,451,120,388
196,146,564,488,128,363
175,141,569,442,122,348
188,153,576,425,117,382
187,155,585,506,127,398
182,161,579,442,123,380
193,156,567,483,113,382
184,151,561,435,112,371
174,149,561,477,117,377
201,144,567,472,120,410
185,154,559,427,119,365
179,156,568,420,115,380
181,150,567,427,108,385
177,146,543,474,119,340
191,154,584,442,129,392
217,146,596,524,133,395
199,151,574,453,122,390
187,157,589,470,120,385
194,159,598,462,125,417
185,157,578,452,121,380
194,148,584,468,130,415
193,157,585,429,125,415
195,158,592,487,126,424
208,151,564,489,118,387
197,154,568,455,110,385
208,160,589,494,123,371
185,148,553,444,124,365
194,157,586,461,128,410
200,157,578,450,132,390
184,150,547,450,124,393
200,159,601,467,126,384
189,164,570,439,118,382
189,148,540,463,117,367
210,158,577,470,133,415
191,154,572,482,123,370
187,162,600,451,132,427
194,161,592,466,126,395
197,144,546,506,121,380
187,152,593,456,119,403
188,157,577,446,123,389
193,147,581,464,120,375
187,158,585,446,118,357
198,152,569,476,127,357
185,143,571,452,120,408
195,147,551,468,121,353
196,160,594,492,114,432
174,146,537,444,99,365
186,151,585,463,124,387
200,153,577,476,123,369
178,165,568,420,110,399
193,161,573,456,120,410
199,158,597,486,133,373
192,154,566,469,128,375
188,145,547,462,111,372
197,150,584,481,128,411
176,145,548,448,119,405
187,154,577,451,130,405
187,154,570,431,128,410
200,144,555,478,128,350
183,151,556,446,118,380
201,156,575,441,127,415
179,160,593,453,118,378
174,144,565,417,116,370
190,158,581,454,112,381
191,156,588,469,132,381
193,160,595,430,119,445
187,153,569,492,115,365
199,151,570,487,123,365
195,154,586,461,118,416
184,157,562,434,123,381
182,151,585,449,122,388
208,141,571,488,124,362
182,161,597,452,119,377
200,153,557,493,120,365
187,148,554,466,114,385
172,148,538,425,117,340
180,156,592,441,127,372
180,145,548,432,122,395
181,159,568,423,117,394
173,168,588,400,119,394
191,158,571,465,117,407
189,168,617,437,122,452
182,146,566,433,119,365
197,147,564,512,130,395
204,164,597,466,125,390
178,157,552,430,124,393
206,144,577,476,140,410
205,159,583,488,131,427
180,158,562,452,121,383
199,158,615,515,134,415
194,149,574,479,142,404
200,155,595,462,121,401
180,157,590,469,124,393
192,160,573,493,125,402
179,153,578,470,125,363
188,157,587,462,124,371
202,154,591,504,122,384
199,159,587,506,119,393
176,157,578,452,124,385
210,158,598,501,115,408
175,151,574,438,128,418
205,152,562,496,119,369
173,150,551,442,118,354
189,152,577,482,111,406
192,153,571,476,111,422
193,160,585,483,121,391
202,157,592,472,130,386
173,154,544,439,117,370
188,148,568,447,118,370
192,162,582,486,122,389
190,148,564,485,117,372
188,159,589,444,131,395
185,149,562,492,130,395
202,155,582,465,121,374
182,151,566,475,120,395
181,155,552,430,109,370
182,162,598,450,131,409
203,154,591,465,117,428
177,162,565,432,112,394
183,154,555,461,119,375
179,158,564,461,129,485
193,155,594,463,129,407
217,161,576,574,131,412
193,150,570,469,122,387
195,162,556,461,130,363
199,152,565,483,113,370
186,150,573,455,122,406
188,155,568,445,122,407
165,141,524,413,117,395
177,146,563,439,111,365
195,152,593,472,134,419
207,160,580,500,121,416
176,155,571,442,117,414
180,152,571,448,113,383
182,152,574,451,126,393
187,150,548,476,125,348
204,155,580,501,126,385
200,150,577,465,126,366
199,159,584,493,119,389
195,145,567,510,114,394
187,142,537,468,107,345
181,156,580,463,118,370
188,149,565,463,117,371
201,150,578,476,123,392
174,152,570,434,115,365
177,159,592,423,126,402
206,148,555,466,118,369
183,153,543,424,109,370
183,151,568,449,122,387
213,156,593,463,127,437
202,150,573,466,120,366
194,152,584,495,134,364
196,158,600,466,120,397
187,148,562,483,116,372
192,157,581,479,122,391
172,153,566,421,111,376
192,153,568,484,119,390
181,167,594,451,125,434
182,141,553,458,130,375
182,148,574,464,122,361
196,147,554,472,128,395
186,160,547,460,125,355
190,154,578,459,122,396
177,152,579,443,124,388
170,151,563,416,108,360
192,161,553,477,118,395
175,153,553,432,121,391
175,152,567,425,116,401
195,150,558,437,127,407
215,150,567,487,116,362
186,153,558,431,122,401
209,154,582,513,115,405
167,158,547,426,122,372
202,148,564,515,118,404
213,162,614,500,131,424
186,152,568,453,114,362
176,154,563,436,122,383
190,152,551,470,127,381
178,149,558,432,127,383
187,147,584,454,121,386
209,156,587,448,130,368
189,155,603,443,134,420
194,152,558,460,122,361
195,154,587,498,111,378
224,154,584,516,134,419
180,158,562,447,114,376
199,153,583,490,125,385
196,154,597,480,127,405
193,154,586,477,132,386
184,147,564,440,128,395
186,152,572,476,127,415
185,155,566,458,118,405
192,152,566,477,122,365
196,157,573,481,123,409
187,167,594,458,129,447
195,158,572,468,114,383
201,153,572,488,124,376
200,163,568,464,118,413
192,155,574,449,125,359
197,157,560,465,121,380
192,152,579,486,124,392
200,163,578,506,121,417
197,150,595,501,117,455
205,152,574,454,118,403
204,160,587,496,136,447
177,147,564,423,120,366
171,156,583,416,111,373
191,152,581,460,117,393
196,151,560,455,117,385
208,158,600,486,138,472
196,152,590,462,127,372
178,149,561,401,117,375
197,149,575,483,131,383
196,157,588,459,131,390
201,152,580,504,134,382
188,155,585,446,129,385
186,149,563,436,123,399
201,163,605,470,120,433
193,157,547,468,126,400
194,152,592,465,130,397
188,160,571,413,121,419
201,144,569,492,117,395
194,148,586,484,121,415
222,159,560,488,125,372
171,156,576,388,121,358
195,155,571,450,126,374
195,152,548,481,114,371
185,150,563,453,119,404
184,148,552,486,125,352
177,150,558,416,115,374
200,148,572,476,128,370
198,150,572,481,115,375
190,157,549,441,121,384
184,155,573,470,122,383
180,146,543,428,105,366
202,151,578,461,134,371
178,149,558,415,117,372
196,156,569,453,121,400
192,150,560,458,129,390
181,158,571,454,131,382
193,151,553,459,127,415
184,151,539,450,118,365
202,155,590,460,128,414
184,150,553,432,121,354
183,154,575,441,128,358
217,158,578,513,126,373
185,147,562,432,133,375
192,153,573,428,139,382
217,158,593,485,126,403
185,152,536,458,116,362
189,154,553,454,126,370
207,153,578,494,127,370
206,155,593,477,121,430
183,151,572,472,125,373
194,162,598,447,134,401
193,158,588,465,126,409
185,157,561,434,120,368
180,149,552,449,118,365
191,147,576,460,128,369
185,159,559,435,123,377
201,154,581,485,124,394
194,159,563,441,117,349
199,151,546,494,118,383
186,163,582,444,121,374
192,154,573,442,123,383
202,152,594,512,138,395
175,151,551,441,114,354
192,147,566,450,132,381
215,160,619,484,128,401
182,153,565,420,118,385
195,157,570,461,122,388
192,145,564,481,118,375
193,147,572,447,124,382
188,150,568,460,124,391
207,151,568,518,134,368
196,157,596,468,137,424
193,160,583,457,126,396
186,163,583,496,120,398
193,155,584,476,116,383
182,152,563,475,130,412
196,150,584,479,121,375
199,155,590,466,125,363
177,151,567,435,110,357
183,146,576,444,120,371
203,150,560,493,128,398
189,153,584,462,122,383
185,155,554,474,128,372
208,159,578,488,132,405
186,150,569,427,117,367
185,153,570,462,130,390
197,157,589,459,125,410
191,159,593,480,124,366
192,152,565,487,133,373
199,161,594,484,123,422
175,162,583,467,120,380
193,148,563,484,131,358
177,147,562,418,117,383
202,161,596,491,129,387
197,145,556,444,127,376
195,163,571,462,117,392
192,158,593,477,127,367
190,151,560,463,110,403
187,159,607,481,118,395
184,154,567,436,132,380
198,153,584,488,119,377
190,153,555,448,141,367
198,144,552,477,121,369
174,147,537,443,121,370
186,164,580,470,123,367
190,149,584,467,127,378
202,154,580,519,133,418
203,153,602,515,138,396
199,153,577,512,126,395
199,148,556,470,121,371
182,139,547,459,113,372
211,153,587,480,129,402
199,150,561,488,124,390
184,158,585,460,114,374
165,149,550,376,115,360
207,149,584,484,130,371
192,166,596,464,123,397
198,149,560,486,127,375
183,162,574,440,121,378
187,152,578,455,139,394
187,150,568,466,131,351
173,150,546,443,111,386
198,157,577,499,125,376
197,149,562,487,120,368
197,157,581,479,122,359
203,153,574,452,130,390
197,162,571,480,125,386
194,154,561,487,111,378
204,156,578,484,130,389
181,145,562,445,119,370
183,150,574,471,122,370
196,152,571,459,124,380
183,156,577,443,117,422
188,162,593,479,128,394
192,153,556,458,123,354
183,150,578,489,122,358
195,158,575,442,119,365
191,154,575,446,118,412
176,150,566,417,118,375
178,144,542,425,126,371
187,155,580,476,125,364
212,165,593,501,130,429
203,148,555,472,125,385
187,161,575,480,125,398
177,163,568,443,125,362
177,150,575,450,123,367
183,164,613,452,140,418
195,151,600,491,124,398
206,160,598,497,128,411
211,146,584,478,130,345
216,163,593,505,123,429
206,154,593,487,120,450
193,155,576,448,123,408
195,148,561,475,120,379
190,153,573,468,140,415
183,154,558,484,121,398
185,154,574,432,119,362
187,148,574,470,128,392
192,153,557,463,127,435
186,153,574,454,121,375
180,148,583,449,130,342
192,155,569,494,134,388
203,150,584,498,114,381
177,157,573,430,120,382
191,156,586,477,124,387
209,155,587,498,132,415
180,158,576,456,108,377
212,149,568,502,133,401
201,151,568,501,135,385
204,161,612,479,133,401
208,158,587,460,131,433
197,167,614,482,120,452
197,152,573,481,126,383
186,150,574,459,118,383
212,157,576,503,123,428
190,156,573,416,126,368
193,152,572,470,120,376
176,162,549,411,121,364
185,160,572,418,126,372
183,155,584,469,126,369
164,154,558,412,121,389
200,155,580,488,138,394
198,158,567,490,129,391
209,156,587,493,125,372
182,144,535,408,109,407
175,160,592,432,112,438
185,161,581,430,118,395
197,148,572,476,119,373
193,145,569,481,138,386
193,163,603,474,126,363
182,150,549,436,122,394
175,154,580,420,132,359
185,156,568,461,117,398
208,148,557,511,122,392
193,156,585,492,130,405
203,162,607,507,122,425
191,159,598,459,129,407
183,153,562,459,124,400
195,155,575,447,134,426
192,162,616,461,115,452
197,153,576,485,131,385
175,153,568,454,124,403
177,152,560,443,118,412
183,158,574,447,123,389
203,161,579,485,130,428
179,147,552,452,120,364
207,157,589,456,128,390
215,154,601,532,126,422
193,160,579,467,121,407
200,155,555,467,125,381
173,170,583,424,126,376
197,148,584,485,119,414
184,166,598,469,119,378
186,158,573,456,123,425
204,146,567,478,125,385
200,147,566,462,129,385
190,153,570,472,116,364
169,150,570,456,129,352
205,155,592,530,120,390
182,151,547,464,116,375
196,151,572,494,129,420
212,159,604,496,128,420
170,145,556,424,117,366
177,154,546,432,120,422
216,147,567,521,125,402
192,156,579,479,127,392
190,149,571,494,121,354
200,157,562,488,119,427
178,142,557,456,112,343
190,150,574,449,134,430
193,153,578,439,122,392
184,147,551,462,116,387
191,150,605,460,121,410
185,152,575,450,120,428
178,145,555,450,115,398
190,154,569,471,119,376
200,155,575,449,113,400
188,157,567,471,111,383
190,161,588,448,128,455
197,149,586,494,121,413
187,148,568,481,122,370
192,164,598,490,125,415
191,157,571,487,114,380
180,151,570,457,115,383
187,153,589,446,126,385
189,152,556,434,112,404
182,153,565,422,114,364
208,152,565,486,125,375
193,163,601,463,122,372
208,157,604,526,124,380
189,148,574,498,115,406
187,155,586,495,123,393
184,149,560,450,112,412
184,160,595,469,115,413
182,148,565,467,122,440
184,149,552,484,115,373
183,156,573,467,126,411
190,156,577,474,135,402
182,148,549,443,122,353
189,147,575,484,130,401
186,144,569,425,122,364
189,144,548,466,105,365
200,163,599,456,128,416
199,155,568,441,116,402
191,152,569,478,125,372
209,161,604,499,128,418
197,160,575,492,130,398
212,162,606,501,131,460
188,145,540,447,114,382
208,148,562,483,122,402
195,154,563,460,126,409
194,155,585,480,130,397
188,156,587,471,134,374
176,150,561,441,112,390
194,147,562,470,127,393
183,148,549,444,119,407
176,155,559,432,115,365
174,159,581,422,125,371
200,157,587,510,130,430
176,147,556,436,118,376
198,162,579,517,119,378
207,158,605,469,138,448
193,154,557,462,122,356
200,153,569,437,122,402
191,155,542,449,120,353
187,152,562,416,121,396
185,157,585,502,132,433
182,153,547,420,118,347
172,157,586,417,135,432
192,155,574,506,136,382
197,156,577,505,127,388
180,157,581,441,124,420
184,156,591,442,127,453
215,169,614,514,142,484
193,151,580,502,121,357
187,158,590,478,122,452
188,159,583,468,129,407
180,147,548,462,107,360
191,147,548,452,123,371
213,163,588,495,136,436
188,156,579,470,124,367
211,151,585,529,136,390
179,156,596,450,121,383
194,160,579,470,120,379
182,151,561,496,125,361
178,165,577,420,117,385
207,155,603,496,138,474
192,153,577,473,121,450
190,151,556,442,115,408
197,159,600,461,117,392
189,155,568,451,115,381
180,154,589,432,125,392
169,148,563,435,124,372
181,154,565,428,120,410
191,150,565,484,124,355
185,164,580,476,117,413
176,151,548,455,120,390
190,160,569,461,121,382
206,153,578,465,110,368
185,161,595,441,125,405
193,158,560,473,124,392
195,155,598,490,128,410
209,149,578,507,134,388
196,155,573,468,120,392
185,151,559,474,124,367
200,150,579,479,123,448
183,161,599,448,126,459
188,158,580,467,123,444
191,158,578,455,137,415
199,161,587,484,127,397
199,155,570,494,123,404
185,156,604,429,136,396
199,155,567,481,130,378
204,149,567,484,126,390
176,155,579,459,120,422
208,151,558,481,129,400
192,154,576,467,119,350
194,153,556,473,120,378
186,158,569,455,130,429
210,147,578,501,119,393
185,144,558,419,115,376
202,165,610,449,129,433
205,153,581,502,114,403
198,151,561,466,118,384
182,152,562,428,136,397
209,154,554,512,137,407
202,147,567,475,122,396
192,173,580,455,130,388
180,153,550,436,119,403
195,158,580,461,115,384
192,150,563,455,120,392
195,155,570,465,125,364
181,155,573,461,123,414
190,150,559,470,126,404
186,153,597,481,117,430
189,153,564,481,115,413
188,157,577,441,126,397
205,157,576,482,125,387
184,158,589,449,129,431
183,158,578,456,113,367
189,153,577,459,126,400
184,158,583,433,128,394
200,150,561,488,124,383
190,160,583,490,125,442
192,152,580,454,117,370
190,152,592,486,129,395
185,158,588,442,125,375
196,160,578,461,118,385
192,149,580,466,122,380
188,150,587,455,127,434
196,157,576,479,123,399
199,155,585,459,122,412
191,144,564,521,130,409
188,155,562,452,133,379
187,151,551,462,120,399
191,158,576,447,123,400
203,151,558,484,124,382
198,157,605,453,124,421
178,157,568,418,124,374
197,148,561,486,125,388
221,159,595,531,144,430
206,147,578,478,130,383
195,153,600,467,130,431
179,152,571,420,117,392
178,148,543,396,111,350
209,162,595,483,126,416
188,151,583,467,132,433
200,146,572,486,134,392
197,148,564,498,140,394
190,164,591,468,128,412
188,151,559,465,124,375
188,152,556,483,126,401
208,159,590,487,128,377
195,151,562,494,126,372
192,157,603,448,135,420
190,153,585,464,119,369
189,148,554,450,128,388
201,159,575,486,123,393
187,147,543,450,116,362
203,162,586,498,125,409
186,158,583,450,125,422
197,151,553,483,120,377
192,159,579,465,137,422
197,150,547,477,119,330
178,153,566,430,123,400
196,153,586,503,113,385
205,160,583,495,128,372
195,153,568,461,119,405
182,153,562,446,123,378
195,150,573,475,124,427
184,153,558,469,120,383
167,162,557,406,119,346
187,154,558,463,121,366
203,160,590,488,134,424
202,140,569,516,128,353
200,160,588,474,126,391
193,161,597,500,122,382
205,169,614,492,137,407
206,155,576,531,133,403
183,154,586,456,109,392
199,168,600,492,128,420
178,152,551,431,115,373
239,169,583,541,134,416
190,156,585,490,131,400
198,156,588,479,124,376
201,156,561,506,120,394
191,140,564,476,115,429
194,153,573,468,111,410
178,147,535,433,113,341
202,160,580,466,130,411
190,151,549,461,125,384
184,158,580,457,120,413
183,142,543,471,115,368
183,161,578,414,125,420
194,155,594,487,121,422
197,152,570,465,126,388
193,154,579,437,124,438
196,160,589,485,134,426
182,146,551,435,127,407
193,154,583,488,118,346
184,149,559,444,129,349
183,152,563,431,115,381
197,151,562,483,120,366
193,148,603,508,129,380
182,150,542,449,118,362
190,158,586,477,131,398
185,158,570,431,122,378
175,174,555,392,125,372
197,160,585,446,137,390
183,155,580,422,116,399
190,153,572,505,128,402
198,152,574,475,130,370
203,153,588,486,122,390
179,156,572,435,122,386
209,164,587,490,125,427
193,160,568,459,127,386
186,153,564,418,118,395
200,159,607,478,128,415
193,164,583,483,137,414
184,155,564,430,121,401
190,157,575,451,121,392
196,153,583,509,124,424
189,151,558,500,127,399
193,155,549,482,123,392
184,143,553,459,121,363
190,150,567,466,133,412
193,158,584,479,127,385
192,158,565,443,126,433
195,158,609,452,130,419
204,144,553,490,126,392
184,151,569,420,132,408
187,154,570,503,129,400
190,153,580,450,120,453
193,163,583,455,117,442
190,156,559,455,130,435
184,155,595,453,118,455
184,165,583,446,130,451
195,158,558,440,128,429
194,167,597,459,122,426
210,161,593,474,127,399
179,147,543,431,115,376
187,153,573,457,143,367
191,161,581,432,126,389
190,156,595,464,125,386
197,153,579,480,123,393
204,152,564,506,128,372
204,148,576,506,125,391
207,157,601,496,134,399
189,157,560,484,122,370
193,166,589,467,122,442
201,151,567,505,128,377
205,147,575,536,124,382
196,159,580,487,123,412
182,151,567,426,121,370
183,158,573,438,128,348
202,155,594,514,132,382
188,155,565,450,123,421
197,162,573,471,123,409
184,156,580,432,120,402
188,153,572,431,127,408
204,150,577,526,130,384
198,160,575,494,120,386
201,145,575,465,119,353
190,155,573,434,120,391
206,142,552,486,129,364
190,153,576,464,115,380
212,151,570,496,114,379
196,155,582,488,118,388
218,155,583,509,127,412
194,153,557,544,127,417
193,163,573,476,121,375
184,169,598,454,123,380
208,165,603,469,137,431
196,158,590,473,120,411
175,156,573,452,124,412
186,149,542,477,106,348
187,152,552,438,111,365
186,153,564,443,121,397
185,154,555,417,130,396
177,155,564,475,118,390
213,151,603,511,133,419
178,152,545,428,121,401
200,150,585,466,119,397
187,155,573,471,126,414
185,171,577,427,133,385
208,155,583,503,117,456
194,160,600,509,115,415
193,148,564,444,117,410
190,153,586,505,122,429
205,161,590,494,132,395
208,157,578,490,125,414
187,156,544,442,118,376
198,143,537,471,117,395
182,158,557,427,133,378
195,145,545,469,127,402
186,161,568,462,113,379
187,146,537,457,115,360
175,150,565,462,123,363
183,146,553,435,125,405
198,160,587,482,125,410
177,153,542,437,112,385
203,159,551,489,122,368
185,153,568,447,117,354
195,144,585,481,116,403
171,141,545,433,119,389
217,154,584,502,126,400
198,150,582,498,120,378
190,154,571,464,116,350
182,154,563,436,115,377
214,153,581,504,125,428
198,157,545,495,112,386
191,159,581,440,123,394
197,156,570,522,122,415
194,149,559,473,127,373
195,159,600,481,125,407
197,153,563,461,115,377
187,160,580,459,118,411
184,160,573,470,123,438
190,152,553,460,127,394
208,151,578,484,124,379
203,162,545,507,126,414
198,152,547,470,123,396
204,157,564,499,119,407
196,158,578,486,139,394
202,155,585,515,130,429
197,164,579,453,121,424
187,153,568,456,126,381
194,152,563,440,125,368
185,157,557,455,127,416
193,158,594,476,130,405
193,142,538,446,118,366
192,155,568,445,126,404
195,155,568,440,121,380
180,151,561,420,117,417
180,148,573,437,124,397
193,148,579,476,114,405
200,163,587,486,125,436
197,153,564,474,125,404
197,150,572,504,127,391
211,158,585,486,129,465
187,156,555,431,116,360
200,151,575,466,130,359
179,146,543,482,121,344
177,158,565,426,120,349
194,161,565,444,131,385
180,153,576,450,117,368
205,157,572,518,121,431
185,140,546,432,121,360
177,153,575,456,117,370
200,170,567,464,133,395
196,150,562,489,125,375
185,141,548,435,114,356
175,151,555,425,117,372
181,164,581,469,125,390
197,148,557,472,124,395
190,163,590,486,131,387
200,153,555,456,123,381
173,151,548,406,112,387
199,152,563,446,122,379
190,150,563,450,129,380
187,151,547,455,113,383
186,158,577,429,131,434
203,159,594,491,130,391
191,157,583,447,119,382
195,150,563,494,123,417
190,149,554,446,129,360
195,154,580,432,125,419
194,155,598,468,121,425
193,163,605,479,129,385
188,160,580,449,131,422
205,155,564,479,124,414
183,167,598,468,119,438
190,153,565,474,127,367
183,153,570,457,125,364
197,141,581,458,116,387
209,148,569,502,130,385
199,147,570,454,124,374
195,144,554,440,115,391
187,150,564,474,126,408
179,153,577,444,137,410
186,157,574,452,114,383
194,152,552,462,131,431
192,143,557,498,132,354
208,148,573,496,128,396
195,160,577,448,120,386
208,153,566,472,120,415
186,156,596,472,134,403
190,157,588,439,118,388
192,153,566,453,120,417
177,143,547,412,123,369
177,150,565,427,122,358
201,151,585,461,123,379
195,153,562,472,124,362
202,155,567,446,130,372
201,143,548,501,125,432
196,148,573,536,119,383
188,151,570,465,131,387
207,155,557,487,126,434
206,161,571,506,126,404
181,152,567,418,113,398
188,163,585,437,119,432
192,167,585,519,119,366
183,153,565,477,125,404
187,156,572,447,117,404
189,152,583,457,124,395
196,145,563,493,118,372
204,160,583,504,132,404
194,156,571,446,112,373
200,158,566,469,135,391
211,151,579,488,131,388
184,148,555,431,108,386
183,152,575,480,128,410
192,153,557,472,111,395
193,155,557,458,119,419
177,156,563,448,114,407
216,154,588,537,127,408
183,147,557,445,113,356
215,158,580,460,126,438
196,157,578,487,120,393
180,153,547,436,108,393
188,155,575,451,126,394
192,150,558,432,130,362
204,158,576,501,126,413
186,166,600,412,119,432
188,152,554,468,120,388
191,158,567,470,117,436
203,160,582,478,126,397
181,160,593,405,125,443
194,155,570,454,131,380
178,148,562,433,112,429
174,157,563,444,120,387
193,155,583,481,128,399
192,150,560,474,129,385
197,150,563,448,118,435
180,146,553,451,117,373
191,159,571,487,116,375
212,155,586,497,113,399
193,150,566,458,120,381
209,153,600,516,132,448
203,150,570,479,119,428
188,153,564,452,120,384
200,152,575,496,121,416
191,154,565,454,120,404
194,155,565,484,125,368
198,158,568,478,121,389
192,155,562,505,119,423
176,152,568,447,115,398
199,163,593,469,126,378
203,160,600,497,129,417
181,145,559,457,119,365
198,160,580,480,134,419
191,149,555,456,126,364
196,160,581,424,124,384
204,160,595,499,129,400
200,155,574,477,119,411
193,160,610,479,123,467
202,146,566,505,121,372
202,151,567,505,136,387
183,148,548,432,126,404
198,159,587,458,131,395
193,147,557,455,115,375
188,148,568,463,125,379
212,156,587,485,126,378
188,155,574,470,118,425
171,157,562,437,122,373
235,155,607,535,124,406
198,151,557,477,122,386
203,157,567,463,117,418
187,145,532,468,115,334
201,145,570,466,115,390
184,153,565,468,125,389
198,158,598,472,113,424
184,161,580,442,110,467
199,159,591,482,125,384
195,148,572,484,119,381
201,147,561,505,129,379
195,158,581,472,128,390
193,158,573,457,129,414
204,150,584,471,131,404
199,148,572,467,119,416
195,160,595,469,130,394
190,153,557,471,123,366
211,152,573,535,122,385
198,167,576,438,128,420
200,168,608,478,124,445
200,163,565,515,126,382
189,164,594,460,137,426
211,157,570,495,130,394
178,149,550,461,120,378
208,156,585,482,126,483
194,146,566,478,117,367
194,156,571,484,127,413
194,150,564,449,118,420
188,146,561,471,111,360
199,159,568,462,121,403
178,160,558,410,120,372
182,149,557,415,120,425
200,155,583,480,125,430
209,153,550,485,114,375
191,153,568,455,123,410
192,158,558,459,118,423
214,151,584,494,125,418
205,150,569,509,117,346
189,155,573,450,124,387
192,149,565,417,114,402
186,168,560,391,115,383
192,150,577,494,114,400
224,153,563,546,134,393
215,157,577,483,125,447
203,152,560,473,128,443
198,158,576,441,124,360
190,148,560,466,123,388
198,153,576,448,120,427
202,163,566,465,119,384
208,152,575,453,117,375
189,155,570,480,118,407
223,150,583,528,137,411
215,147,559,502,131,412
195,156,575,503,130,368
188,153,565,426,121,413
198,150,558,526,125,373
206,160,595,485,126,477
192,147,546,450,126,372
197,153,580,474,140,397
187,163,593,460,123,400
203,158,581,455,120,366
198,163,595,479,129,400
200,155,576,499,127,440
208,160,579,476,139,392
185,157,570,417,122,375
190,161,570,456,128,414
202,158,581,441,123,403
191,155,556,460,122,365
202,155,587,486,129,432
199,140,540,516,115,381
183,159,573,467,120,365
200,161,581,505,125,392
187,159,593,436,125,404
210,153,578,476,132,394
188,158,574,469,127,418
192,162,588,437,132,428
198,147,554,499,131,434
181,150,557,455,124,377
186,152,575,413,125,361
204,158,583,478,130,412
184,148,543,446,116,368
191,150,598,520,128,405
202,153,575,476,136,401
193,152,581,489,117,374
212,156,586,477,132,448
176,165,598,440,120,418
219,151,558,565,127,409
215,167,599,510,112,412
176,138,558,412,113,352
203,153,588,466,124,410
188,143,561,507,124,351
187,154,574,461,119,408
203,155,581,448,124,392
185,155,585,434,125,418
197,152,592,465,132,393
187,158,581,440,113,394
210,166,578,516,114,382
187,153,568,464,110,401
193,153,546,446,122,360
195,153,556,477,121,386
203,168,600,464,124,390
193,162,573,481,124,403
190,160,590,461,122,376
185,145,553,451,112,383
179,152,563,436,121,378
194,153,587,433,121,408
169,153,550,418,119,344
192,149,560,462,123,377
197,173,622,489,117,407
203,144,553,485,117,360
182,154,560,449,127,433
188,154,570,466,125,377
191,153,566,465,123,375
195,153,567,482,117,371
202,151,556,469,125,388
192,155,580,437,125,398
193,156,573,444,124,387
205,159,600,475,123,406
186,160,593,436,119,377
200,152,568,488,117,373
207,144,544,486,124,393
201,150,573,477,118,390
174,151,555,410,114,380
188,156,580,442,130,394
187,160,572,439,131,412
192,149,572,450,132,392
191,157,574,446,135,415
178,161,564,403,122,390
192,157,578,460,121,388
190,160,585,444,127,422
190,155,587,450,119,428
199,152,572,522,133,371
185,151,573,469,122,375
199,157,577,502,131,397
206,155,583,516,136,408
205,158,583,494,128,390
198,160,607,480,129,398
225,154,570,514,127,404
183,162,576,446,121,438
191,157,575,441,118,459
189,156,583,458,110,383
195,161,601,464,124,466
179,154,585,451,126,439
178,149,564,452,119,397
190,154,565,434,119,370
190,150,566,456,110,388
188,153,585,477,121,413
202,153,562,481,128,406
186,147,554,445,121,402
188,142,554,476,123,360
183,153,581,449,111,400
200,153,566,494,125,411
190,153,551,423,129,433
195,153,572,450,129,431
205,155,557,473,120,374
204,149,567,485,122,370
210,158,575,484,128,402
203,148,556,459,127,396
205,150,580,472,125,393
190,155,574,447,128,427
195,158,583,463,129,410
209,149,562,502,130,428
184,146,561,447,120,364
178,161,569,434,124,415
205,156,578,488,116,405
196,152,566,464,117,435
194,158,598,460,126,407
183,155,568,442,124,378
182,161,560,426,119,389
182,152,586,446,127,404
210,159,595,459,121,435
204,157,580,494,118,428
185,153,551,433,120,393
193,155,563,441,122,423
187,151,565,464,127,397
188,158,570,455,120,404
199,158,605,489,135,424
207,175,615,484,133,462
172,160,570,432,130,403
205,157,582,508,140,438
213,160,572,536,130,407
205,156,569,481,124,430
222,168,595,517,126,435
193,152,570,473,130,411
173,150,569,414,118,383
184,156,570,457,107,396
206,159,590,468,131,412
197,153,567,488,122,403
179,154,557,439,121,370
192,151,557,468,137,438
199,155,575,486,125,402
196,160,580,475,127,436
203,165,585,500,133,418
194,152,567,464,122,375
183,150,570,461,116,366
179,149,547,431,120,384
182,148,543,462,111,397
200,151,565,477,131,400
192,166,585,464,126,514
206,152,592,504,133,421
185,146,556,459,118,395
193,157,568,452,119,373
188,146,552,441,124,380
205,155,581,463,119,407
200,155,552,481,121,390
195,154,567,486,112,390
195,158,561,466,130,381
203,151,542,465,120,362
200,165,600,464,130,437
195,156,575,449,126,405
189,143,534,456,120,378
198,159,600,482,129,425
192,147,553,483,122,390
198,157,580,486,129,417
200,155,574,478,125,386
190,164,615,477,123,404
188,142,538,460,120,375
174,140,540,466,130,385
193,162,580,461,123,379
193,158,584,460,117,442
192,150,562,459,120,401
188,151,567,425,131,430
193,154,575,473,124,399
198,164,582,485,136,442
191,168,572,444,120,404
193,141,555,470,114,384
197,148,568,448,125,420
198,146,568,428,122,363
184,156,573,452,118,376
185,150,567,441,119,353
187,144,530,426,123,390
192,153,567,440,131,380
199,159,576,468,129,436
190,144,560,422,116,398
225,165,608,532,123,468
193,160,587,426,129,414
197,154,572,489,122,400
194,158,567,427,122,415
198,149,555,515,121,358
224,160,603,498,145,403
212,155,588,491,132,371
193,151,588,466,141,385
198,153,600,466,120,419
202,146,563,490,137,400
208,155,581,469,126,385
194,152,566,456,118,385
210,156,577,467,126,399
196,158,578,469,131,396
204,157,575,500,133,413
180,145,548,412,120,348
195,158,559,468,110,410
203,159,576,490,121,405
193,155,574,450,123,375
210,148,550,517,121,391
197,152,579,460,121,376
220,156,585,501,132,453
173,153,558,428,123,374
184,160,586,437,133,421
185,162,581,463,116,411
192,157,577,456,120,376
202,154,581,515,129,392
202,160,591,481,115,384
212,154,567,486,120,386
188,155,572,433,125,403
188,153,555,466,110,422
173,153,550,454,122,395
189,148,582,467,114,390
193,141,534,472,122,380
213,155,574,480,119,379
217,155,575,525,123,387
194,159,574,454,114,427
200,163,570,464,129,424
178,151,548,394,105,365
193,156,582,451,130,433
195,154,560,459,113,385
181,143,560,437,119,396
189,159,570,463,118,429
212,166,625,485,126,477
215,153,580,499,131,428
188,153,569,467,121,394
206,153,543,473,125,403
207,158,585,495,132,442
225,150,565,488,128,431
196,142,553,458,121,424
205,150,560,488,116,400
203,149,556,510,122,391
190,157,581,444,117,406
183,160,569,443,119,428
196,162,591,472,107,400
183,154,578,448,125,407
207,148,560,476,116,390
192,166,588,460,125,390
192,146,571,501,122,396
189,148,535,450,112,370
215,154,610,502,148,404
197,153,583,478,123,409
205,154,585,496,124,423
202,151,555,495,123,370
194,150,560,488,132,394
197,160,580,454,121,366
189,153,575,449,127,401
184,156,582,480,118,422
208,152,588,529,133,388
178,141,559,436,111,385
186,150,575,446,116,433
193,146,547,472,124,385
192,143,557,452,115,423
184,154,574,462,116,426
179,153,574,427,117,408
209,150,565,492,116,370
203,146,565,477,125,408
210,162,612,490,120,440
196,150,536,467,112,392
188,159,590,442,115,425
198,158,585,462,125,391
191,159,580,428,112,424
225,150,592,547,134,470
203,152,575,473,123,437
203,162,595,495,114,394
209,150,568,510,120,352
218,161,575,527,121,397
203,157,585,469,124,473
200,166,585,487,120,438
222,160,573,502,124,406
175,153,560,426,115,411
210,158,571,458,129,442
197,162,592,480,114,423
199,154,557,451,114,414
188,160,565,428,127,366
193,154,587,459,123,393
193,154,592,514,117,439
205,152,569,481,121,421
200,155,577,502,115,441
204,152,600,488,123,399
190,156,568,474,127,398
184,151,567,463,127,379
190,150,560,472,121,414
187,154,563,458,122,377
193,153,573,469,124,395
183,158,550,444,118,370
189,151,568,421,125,373
196,149,550,452,116,387
184,151,567,447,129,408
188,163,580,418,125,408
180,152,563,419,109,384
179,165,570,410,112,376
195,159,592,454,132,452
188,149,545,485,126,357
199,154,576,468,122,367
201,155,583,495,120,403
189,150,557,498,116,357
185,156,573,461,117,387
192,155,600,451,135,435
173,152,572,446,120,378
192,150,558,480,137,415
196,151,565,490,122,398
194,161,602,462,125,386
209,161,590,504,118,481
196,149,572,469,119,414
200,155,589,487,122,430
177,158,573,432,117,427
187,157,560,456,111,377
193,165,585,475,117,383
188,140,548,463,126,364
193,158,565,447,121,435
199,151,576,470,126,397
183,160,581,405,123,393
188,149,570,469,115,366
192,155,550,449,125,392
176,158,546,456,124,402
188,148,545,441,118,427
185,157,580,482,134,372
185,146,555,458,123,399
196,159,578,469,128,419
210,144,557,518,125,382
196,157,595,480,121,367
183,153,563,432,115,412
182,149,555,426,126,386
207,156,577,491,127,404
164,151,567,407,112,409
183,153,564,441,128,375
186,155,560,437,117,412
218,160,550,495,133,386
177,148,555,445,117,362
190,148,562,499,127,398
188,150,552,456,105,358
192,150,558,447,103,373
189,147,561,457,118,346
192,159,565,471,132,383
204,150,585,509,139,405
187,152,553,472,118,378
190,158,570,486,124,397
198,152,573,479,120,384
188,153,570,446,120,400
193,150,563,469,123,346
193,143,549,444,108,389
191,160,578,465,122,425
181,160,590,446,128,410
193,155,560,464,126,372
205,144,548,495,126,342
197,153,569,462,125,446
200,159,596,469,131,440
185,152,574,471,127,368
193,153,572,466,127,390
189,148,560,457,114,372
186,163,588,466,131,405
205,154,567,483,119,397
196,155,587,466,121,406
190,156,562,492,114,392
204,159,580,482,129,434
186,158,573,427,123,414
183,157,593,428,128,431
183,157,569,467,129,403
194,171,633,457,120,408
183,153,578,477,113,412
193,155,573,491,110,397
195,150,565,472,106,362
213,156,571,486,123,390
173,150,557,404,112,410
185,145,575,423,132,400
182,157,559,419,117,376
187,158,609,460,126,399
181,154,585,432,120,404
210,156,594,516,133,396
198,148,564,482,131,381
187,151,565,473,128,366
203,151,565,506,127,378
191,153,567,470,121,391
199,153,585,465,135,407
196,155,580,483,126,416
201,155,579,463,130,411
193,155,580,476,121,386
195,148,567,492,124,424
176,153,558,457,132,364
178,149,558,432,129,388
185,162,584,466,129,420
180,152,563,408,114,384
183,150,558,479,112,392
184,153,555,447,124,401
189,158,551,444,111,373
191,170,595,471,123,413
188,150,553,482,124,366
183,151,554,472,116,390
179,162,580,445,128,408
189,148,557,465,120,398
200,154,578,440,129,393
202,155,578,477,125,400
179,150,565,440,123,382
192,151,563,429,112,390
188,160,584,474,126,430
199,158,597,454,127,388
203,155,577,527,124,382
198,154,581,462,125,394
194,160,580,456,126,394
191,160,562,474,119,377
191,150,563,489,126,450
193,167,584,441,131,417
189,163,596,457,122,407
191,160,557,452,123,420
185,150,562,475,134,376
191,157,578,450,124,453
183,155,563,470,119,449
198,150,580,476,122,416
194,148,565,492,134,400
186,156,585,445,122,424
174,158,563,417,121,379
198,152,573,479,122,456
184,146,547,420,115,367
206,146,558,466,119,401
188,148,581,492,131,410
189,154,577,428,126,417
195,153,593,462,131,415
195,153,558,492,128,390
186,161,589,432,126,414
200,158,576,490,122,410
197,150,580,468,113,383
189,147,561,475,125,406
194,153,565,483,134,421
174,163,575,422,113,406
194,151,556,420,119,370
197,158,578,462,114,402
195,159,576,455,133,444
188,160,599,459,124,405
193,151,557,465,105,382
181,147,573,479,116,378
188,153,569,483,127,407
190,156,561,449,119,374
179,155,569,459,126,388
183,159,576,436,120,413
197,137,532,471,121,348
190,160,572,425,126,423
182,153,570,468,127,411
196,166,575,441,112,486
198,150,572,466,116,390
194,157,566,481,122,395
178,153,561,459,117,412
189,150,570,455,125,380
201,163,612,501,123,385
183,150,573,406,115,395
195,153,566,470,127,371
198,146,575,531,123,393
195,156,584,480,129,401
197,162,603,472,131,440
197,151,560,478,116,379
203,163,620,480,127,408
180,152,560,445,119,380
193,161,595,449,125,411
202,156,589,458,125,410
182,153,569,425,114,383
185,153,558,452,128,395
204,152,564,499,127,384
184,158,582,428,113,402
194,165,585,450,115,406
201,148,559,500,125,400
208,148,575,482,115,395
200,160,557,442,124,397
207,150,578,513,131,416
192,150,564,492,111,351
205,157,575,489,130,402
176,155,565,415,129,376
189,159,595,444,131,394
204,147,556,491,125,376
191,151,557,445,116,427
196,153,578,486,110,405
211,155,572,488,117,415
199,149,593,471,128,385
183,153,565,441,119,386
190,153,553,450,109,362
190,153,560,487,126,363
188,155,580,441,128,416
184,147,550,446,122,357
196,155,579,493,117,394
178,150,573,433,107,345
203,160,571,486,115,393
201,148,545,456,120,386
186,153,562,470,120,352
203,155,594,499,116,394
181,155,569,439,121,386
176,152,540,455,125,373
184,158,583,455,128,421
200,154,568,472,116,406
197,155,575,464,130,382
187,152,590,427,132,367
193,152,545,464,131,378
191,160,579,480,121,384
203,154,592,504,130,421
203,151,558,474,112,355
176,152,554,460,109,375
192,155,560,442,119,404
195,157,568,440,131,390
180,160,587,430,126,419
201,153,597,483,125,391
185,156,561,446,111,381
207,151,577,467,126,411
188,156,567,470,116,374
189,152,581,475,120,365
191,150,558,480,123,383
194,150,543,461,119,392
193,151,573,465,126,394
202,158,580,482,134,405
203,154,579,454,124,475
191,147,552,455,124,361
181,152,562,457,117,386
191,160,595,454,117,420
203,161,580,479,130,453
201,149,577,452,117,438
203,144,569,505,117,377
192,159,573,444,125,382
183,156,563,448,117,380
187,161,563,468,117,407
189,153,583,453,115,410
196,143,556,485,119,400
193,150,597,502,118,390
192,156,590,467,134,396
181,157,564,426,114,418
194,159,580,468,123,394
203,142,562,476,116,414
191,146,559,481,135,400
195,157,561,441,118,383
199,163,588,473,135,415
173,157,592,434,138,433
193,154,578,470,123,408
182,160,577,466,136,386
206,152,581,508,135,378
178,148,568,428,115,353
186,149,554,446,121,395
197,155,591,531,135,407
192,156,568,460,112,364
193,151,571,465,125,443
192,151,595,484,127,404
194,153,580,442,131,430
207,154,570,491,111,386
196,166,598,475,130,416
191,152,583,442,119,382
184,152,554,440,119,393
181,157,579,454,121,394
198,159,586,487,128,377
208,146,555,485,129,368
217,153,590,503,124,403
191,157,573,472,119,380
196,159,557,458,125,399
190,156,551,464,124,378
194,155,563,472,129,380
198,152,573,453,115,403
197,154,571,492,115,393
199,159,573,505,125,383
202,151,578,485,121,415
197,152,575,481,120,390
198,157,582,521,125,390
183,148,557,441,119,393
185,165,605,482,136,393
185,153,572,432,125,400
203,152,583,476,137,431
188,145,543,443,114,383
186,158,555,464,115,398
194,149,571,489,115,360
190,149,579,481,123,393
203,155,570,497,123,395
182,148,576,439,121,382
181,153,591,404,113,396
204,158,564,459,123,410
213,151,576,518,129,399
199,150,579,492,126,383
176,145,558,448,131,377
196,158,577,502,121,409
199,152,583,487,124,387
203,156,587,492,123,432
190,151,577,484,125,399
180,157,579,443,122,393
210,152,588,519,135,470
203,154,588,521,123,389
188,145,565,462,131,367
191,150,585,446,129,371
188,156,565,463,113,373
189,160,577,432,120,390
203,158,588,498,125,360
189,146,558,468,108,366
188,163,588,465,118,401
197,159,547,442,119,371
185,161,575,455,127,380
202,143,551,462,135,400
212,156,583,480,135,451
195,154,580,466,125,414
176,157,569,444,114,382
206,154,581,490,132,400
197,160,589,474,121,408
192,161,569,451,120,379
191,149,540,428,113,384
194,163,598,458,121,406
191,160,575,464,123,390
185,150,551,420,122,380
179,160,566,445,123,424
197,158,577,436,116,390
178,153,563,441,118,387
223,166,596,494,122,413
205,151,580,473,118,406
184,141,541,456,115,351
194,163,574,455,127,431
191,148,555,465,125,387
178,151,550,435,108,382
181,152,577,454,132,410
175,153,580,416,114,381
174,148,555,478,113,401
168,148,553,418,114,400
198,150,573,471,133,362
193,150,571,470,118,377
186,148,526,450,116,389
202,146,548,489,124,387
205,156,580,464,135,420
198,158,553,487,113,397
194,157,590,430,125,435
183,147,562,443,111,385
189,150,576,444,125,362
195,153,570,448,129,392
193,150,570,444,112,385
200,154,579,472,132,420
214,151,562,506,133,398
191,145,560,481,119,363
198,162,556,460,114,386
193,155,568,428,124,387
185,151,563,428,119,386
183,153,572,465,125,398
191,147,552,472,129,343
191,150,553,452,125,384
188,154,552,476,117,371
164,149,536,378,112,380
186,151,565,445,127,371
188,146,560,437,129,376
200,150,564,491,117,387
193,149,565,471,120,391
197,151,562,480,113,394
182,151,554,447,123,378
191,149,558,472,117,392
183,148,555,439,118,416
192,150,560,453,123,387
205,153,615,509,136,439
